Lead ID,Date,Message ID,Exact Reference,Possible External Source,Why Relevant,Screenshot Source
LEAD-001,2026-07-30,MSG-000066,takeout.google.com/u/5/manage/archive/b1e08d32-6e83-4843-a74e-905bfaba68f8,Google Takeout / Cloud System Logs,"Proves exact archive token, requesting IP, timestamp (10:33 PM), and data archive target (Maps, Places, Timeline location history).",security3.png; securitytwo.png
LEAD-002,2026-07-30,MSG-000062; MSG-000067,"New sign-in on Mac OS Houston, TX, USA (10:37 PM) using Google Chrome",Google Workspace / Security Sign-in Audit,"Establishes public source IP address, ISP, and device footprint for unauthorized Mac session in Houston.",security.png; DeviceAccessGoogle.png
LEAD-003,2026-07-30,MSG-000065,Used Maps. 3750 E Palm Valley Blvd. 10:19 PM,Google Maps / My Activity Logs,Ties unauthorized intruder directly to search queries for specific Round Rock physical location.,act.png; actactivityuna.png
LEAD-004,DATE_UNRESOLVED,MSG-000009; MSG-000014,the cops drove me here... neighbor that called the cops... scarlet calls the cops,Local Police Department CAD Incident Logs & Officer Bodycam,"Independent law enforcement record of domestic dispute, indoor pesticide fogger deployment, and victim transport to hotel.",bugbomb.jpg; bugbomb2.jpg; bugbomb3.jpg
LEAD-005,2026-06-21,MSG-000049,FYI there is no insurance on the car. None,Automobile Insurance Carrier Policy Logs (Progressive / State Farm),"Establishes precise date, time, and user who cancelled active policy on vehicle used by Jayme.",Oops_towthreats.pdf
LEAD-006,2026-06-30,MSG-000053,"Feb 12 $500, Feb 17 $500, Sling $2,505, Mazda $2,000, May 7 $425, $250 Zelle",Bank of America / Chase / Zelle Transaction Records,"Bank-authenticated proof of payments totaling $6,180 toward car purchase, refuting theft and non-payment claims.",LeaaseNonanswertoCarAccountRequest.pdf
LEAD-007,2026-05-24,MSG-000035,saved to the Gold Tooth computer... send your entire Google Photos album printed,Gold Tooth Tony’s Commercial Workplace Hardware / Hard Drives,Physical computing hardware where private videos and compiled photo albums were preserved and processed.,imgoingtosendyourentiregoogledrive.pdf
LEAD-008,2026-07-21,MSG-000056; MSG-000057,Mastercard 1944. Charges for McDonald's in Elgin tons of apple charges,Card Issuer Fraud Investigation Records & Merchant Surveillance,Proves actual purchaser at Elgin McDonald’s and verifies Apple ID restriction preventing Jayme from using cards.,requesttocease_unrelated accusations.pdf
LEAD-009,2026-07-11,MSG-000070,WhatsApp Missed Calls from Blake (7/11/2026) and +1 (832) 4... (7/10/2026),WhatsApp / Meta Subpoena & Carrier CDRs,Independent corroboration of unauthorized repeated calls across alternate VoIP platforms following written contact cutoffs.,Screenshot 2026-08-01 124617.png
LEAD-010,2026-05-18,MSG-000027,"if you call CPS, I will unload the entire folder that I have for you",Texas Department of Family and Protective Services (DFPS / CPS) Intake Logs,Corroborates timing of any third-party reports and demonstrates clear threat of retaliatory exposure.,EX04_2026-05-18_cps_unload_entire_folder.pdf
