Priority ID,Rank,Primary Source ID,Primary Filename,Supporting Source IDs,Relevant Message ID(s),Visual Review Disposition,Reason for Visual Review,Forensic / Evidentiary Significance
REV-001,CRITICAL,SS-0100,NotificationofNotAuthorizedandResponse.png,SS-0099 (Notauthorized.pdf); SS-0103 (ResponsetoNotAuthorized.pdf),MSG-000068; MSG-000069,VERIFIED_PRIMARY (SS-0100 visual review complete; SS-0099/SS-0103 scanned PDF corroboration verified),"Full-screen browser capture showing formal revocation email and Blake Harris’s immediate 5:00 AM mocking reply. Contains visible browser tabs showing Scribus, Google Flow, and EXHIBITS folder.","Unquestionable baseline establishing legal boundary imposition, immediate breach, and ongoing possession of intimate/drug allegations."
REV-002,CRITICAL,SS-0106,security3.png,SS-0107 (securitytwo.png),MSG-000066,VERIFIED_PRIMARY (SS-0106 browser URL and 3-product modal visually verified),"Direct screenshot of Google Takeout page displaying URL token b1e08d32-6e83-4843-a74e-905bfaba68f8 and selection of Maps, Places, and Timeline data.",Technical evidence of unauthorized request targeting historical GPS location records.
REV-003,CRITICAL,SS-0107,securitytwo.png,SS-0106 (security3.png); SS-0060 (DeviceAccessGoogle.png),MSG-000062; MSG-000063; MSG-000066,VERIFIED_PRIMARY (SS-0107 Critical Security Alert timeline visually verified),"Google Critical Security Alert dialog showing timeline: New sign-in Mac OS Texas (9:54 PM), password change attempt (10:11 PM), Takeout archive requested (10:33 PM).",System timeline demonstrating unauthorized intruder sequence from initial breach to data archive request.
REV-004,CRITICAL,SS-0070,EX02_2026-05-24_naked_google_photos_printout_parents_p1827.png,SS-0071 (EX02_...p1828.png),MSG-000029; MSG-000030; MSG-000031; MSG-000032,VERIFIED_PRIMARY (SS-0070 page 1827 character-for-character visual review complete),"High-resolution image of message export Page 1827 showing 2:31 AM escalation, wishing death, phone block, and home search requirement for seeing Jack.","Direct proof of abusive communications, child visitation restriction, and Google Photos inspection."
REV-005,CRITICAL,SS-0071,EX02_2026-05-24_naked_google_photos_printout_parents_p1828.png,SS-0070 (EX02_...p1827.png),MSG-000033,VERIFIED_PRIMARY (SS-0071 page 1828 character-for-character visual review complete),"Continuation showing threat to drive printouts to parents, 'Just die already', HPD reporting threat if messages are shared, and car/rent funding revocation.","Direct proof of parental reputational targeting, coercive disclosure warnings, and sudden resource withdrawal."
REV-006,CRITICAL,SS-0059,DET1.jpg,SS-0074 (EX04_child_attached_prison_threat_money_meeting.jpeg),MSG-000017; MSG-000018; MSG-000019,VERIFIED_PRIMARY (SS-0059 / SS-0074 visual review complete),Mobile screenshot of SMS message showing Blake explicitly planning to hold his son during cash exchange to engineer felony charges with prison threats.,Statements demonstrating intention to hold minor child during cash exchange to induce criminal charges.
REV-007,CRITICAL,SS-0072,EX03_child_google_drive_private_photos_scroll_boobs_question.jpeg,SS-0097 (JACKDRIVE.jpeg); SS-0078 (EX12_2026_child_google_drive_private_photos_2ED63267.jpeg),MSG-000020; MSG-000021; MSG-000022; MSG-000023,VERIFIED_PRIMARY (SS-0072 / SS-0097 / SS-0078 visual review complete; partially obscured peripheral bubbles documented),Mobile screenshot showing Blake claiming child scrolled through Google Drive and weaponizing explicit sexual remarks.,Demonstrates drive access awareness and child involvement in sexually hostile communications.
REV-008,CRITICAL,SS-0051,bugbomb.jpg,SS-0052 (bugbomb2.jpg); SS-0053 (bugbomb3.jpg),MSG-000001; MSG-000003; MSG-000006; MSG-000007; MSG-000009,"VERIFIED_PRIMARY (SS-0051, SS-0052, SS-0053 visual review complete; cropped bubble on SS-0051 resolved on SS-0052)","Contemporaneous chat recounting bug bomb deployment, 4 foggers in face, dragging outside barefoot, and child/cat presence.",Primary contemporaneous narrative of domestic dispute involving indoor pesticide fogger discharge.
REV-009,CRITICAL,SS-0054,bugbomb4.jpg,SS-0051 (bugbomb.jpg); SS-0052 (bugbomb2.jpg),MSG-000016,VERIFIED_PRIMARY (SS-0054 visual review complete),"Direct iMessage notice sent to co-tenant Scarlett reporting breathing injury, chemical weapon assault, and phone theft.",Written notice documenting physical respiratory injury and deprivation of communication lifeline.
REV-0010,CRITICAL,SS-0096,imgoingtosendyourentiregoogledrive.pdf,SS-0068 (EX01_...texts.pdf); SS-0069 (EX01_...original_message.pdf),MSG-000035,VERIFIED_PRIMARY (SS-0096 page 5 verified; SS-0068 / SS-0069 corroborating email PDFs verified),Preserved email PDF (displays headers reporting DKIM=pass/SPF=pass) containing threat to print and send entire Google Photos album.,Documentary evidence of mass disclosure warnings and 48-hour physical appearance demand.
REV-011,CRITICAL,SS-0067,everyrighttolookfamilycourtwatch.pdf,SS-0077 (EX11_2026-05-24_right_to_look_family_court_watch_first.pdf),MSG-000034; MSG-000036,VERIFIED_PRIMARY (SS-0067 page 1 verified; SS-0077 corroborating email PDF verified),"Preserved email PDF (displays headers reporting DKIM=pass/SPF=pass) containing claim of right to look at pictures, Family Court video threat, and motorcycle surveillance claim.",Documentary evidence of custody litigation threats and movement monitoring claims.
REV-012,HIGH,SS-0057,CompromisedEmailSearchHistory.png,SS-0006 (actdetail.png); SS-0060 (DeviceAccessGoogle.png),N/A (Account Forensic Capture),VERIFIED_PRIMARY (SS-0057 visual review complete),"Gmail UI screenshot displaying search query dropdown history containing sexual terms (fuck, cock, sex) and financial terms (paypal, checks, blake).",Demonstrates intruder search pattern targeting financial accounts and personal sexual keywords.
REV-013,HIGH,SS-0060,DeviceAccessGoogle.png,SS-0107 (securitytwo.png); SS-0006 (actdetail.png),MSG-000067,VERIFIED_PRIMARY (SS-0060 visual review complete),"Google Account Manage Devices screen showing active Mac OS device in Houston, TX signed in July 30 at 10:37 PM.",Hardware and geolocation identification for unauthorized intrusion session.
REV-014,HIGH,SS-0006,actdetail.png,SS-0004 (act.png); SS-0005 (actactivityuna.png); SS-0105 (security.png),MSG-000064; MSG-000065,"VERIFIED_PRIMARY (SS-0006, SS-0004, SS-0005, SS-0105 visual reviews complete)",Google security detail card warning 'Review personal content: Did you recently download your account content? Done from an unfamiliar device.',Google system corroboration of unauthorized data archive request and Round Rock map queries.
REV-015,HIGH,SS-0101,Oops_towthreats.pdf,SS-0003 (41messegeaccusationsthreats.pdf); SS-0098 (LeaaseNonanswertoCarAccountRequest.pdf),MSG-000046; MSG-000047; MSG-000048; MSG-000049; MSG-000050,VERIFIED_PRIMARY (SS-0101 dual extraction and OCR review complete),"Complete 3-page email thread from June 21 showing sudden rent cancellation, insurance deactivation, and immediate tow threat.",Documents rapid retaliatory escalation targeting shelter and transportation.
REV-016,HIGH,SS-0098,LeaaseNonanswertoCarAccountRequest.pdf,SS-0101 (Oops_towthreats.pdf); SS-0055 (CAR_DEAL_EVIDENCE_ALL_SOURCE_PAGES.pdf),MSG-000053; MSG-000054; MSG-000055,VERIFIED_PRIMARY (SS-0098 dual extraction and OCR review complete),"Itemized vehicle accounting email thread demonstrating $6,180 paid and refusal to exchange title.",Provides documented payment accounting refuting unauthorized conversion claims.
REV-017,HIGH,SS-0102,requesttocease_unrelated accusations.pdf,SS-0003 (41messegeaccusationsthreats.pdf),MSG-000056; MSG-000057; MSG-000058; MSG-000059; MSG-000060; MSG-000061,VERIFIED_PRIMARY (SS-0102 dual extraction and OCR review complete),"4-page email thread documenting comprehensive harassment audit (20 emails, missed calls, fake plea agreement) and Blake’s response.",Comprehensive contemporaneous record of communication volume and boundaries.
REV-018,HIGH,SS-0003,41messegeaccusationsthreats.pdf,SS-0101 (Oops_towthreats.pdf); SS-0102 (requesttocease...pdf),MSG-000037 - MSG-000052,VERIFIED_PRIMARY (SS-0003 9-page dual extraction and OCR review complete),"9-page PDF containing 38-41 sequential emails from June 21-25 showing sustained barrage of demands, tow threats, and Drive admissions.","Demonstrates high volume, coercive continuity, and rapid demand shifts across 5 days."
REV-019,HIGH,SS-0104,Screenshot 2026-08-01 124617.png,SS-0056 (Complete_Emails_Since_Reporting...pdf),MSG-000070,VERIFIED_PRIMARY (SS-0104 visual review complete),WhatsApp call history displaying missed calls from Blake on July 11 and an unlisted number on July 10.,Corroborates unauthorized telephonic/VoIP contact attempts following boundary notice.
