Source ID,Relative Path,Original Filename,Source Role,Source Category,Manifest SHA-256,Current SHA-256,Hash Match,File Size Bytes,Total Pages,Native Text Extraction Status,Native Text Char Count,OCR Status,OCR Char Count,Pages OCR'd,Dual-Extraction Agreement,Visual-Verification Status,Transcription Reliability,Errors / Anomalies,Completion Status
SS-0001,00_README_IMAGE_EMAIL_INDEX.txt,00_README_IMAGE_EMAIL_INDEX.txt,INDEX_REFERENCE,Reference Index / Documentation,705b0cde2609a896bd04223a5bccb172253ce05e249403f527bb0518f9c8eba5,705b0cde2609a896bd04223a5bccb172253ce05e249403f527bb0518f9c8eba5,MATCH,3571,N/A,Plaintext / Structured Data Parsed,3521,N/A,0,0,N/A (Tabular/Markdown/System),PENDING,High (Direct Structured Source),None,INDEX_VERIFIED
SS-0002,01_Focused_Vehicle_Location_Supplement.pdf,01_Focused_Vehicle_Location_Supplement.pdf,PRIMARY_SOURCE,Primary Evidence Source,afe500a32daca68e33439e7e1a95a4a1865b6eab4d8a5e964c0ea31628b10a0d,afe500a32daca68e33439e7e1a95a4a1865b6eab4d8a5e964c0ea31628b10a0d,MATCH,2557437,38,Extracted,33138,Extracted,36114,38,Agrees (16/38 pages),PENDING,High (Dual-Verified),None,PROCESSED
SS-0003,41messegeaccusationsthreats.pdf,41messegeaccusationsthreats.pdf,PRIMARY_SOURCE,Primary Evidence Source,7901fcaadaa8776e4af39431a665282b3d7f227aa76e9ccb82ceb7f04760f549,7901fcaadaa8776e4af39431a665282b3d7f227aa76e9ccb82ceb7f04760f549,MATCH,2293850,9,No Digital Text Layer,0,Extracted,15159,9,OCR-Only (Scanned/Raster Content) (9/9 pages),PENDING,High (Single Layer Available),None,PROCESSED
SS-0004,act.png,act.png,PRIMARY_SOURCE,Primary Evidence Source,69b7bf3e5fd930860791fa014f31d8cba2c10de3ae5c0a17d472d3564e6a17a9,69b7bf3e5fd930860791fa014f31d8cba2c10de3ae5c0a17d472d3564e6a17a9,MATCH,35299,1,N/A (Raster Image),0,Extracted,301,1,OCR-Only (Raster Image),PENDING,High,None,PROCESSED
SS-0005,actactivityuna.png,actactivityuna.png,PRIMARY_SOURCE,Primary Evidence Source,ea364c31efaf613bbd540f3dc8898878d08771d815b3ca5aac34f48cc08a53ef,ea364c31efaf613bbd540f3dc8898878d08771d815b3ca5aac34f48cc08a53ef,MATCH,23960,1,N/A (Raster Image),0,Extracted,198,1,OCR-Only (Raster Image),PENDING,High,None,PROCESSED
SS-0006,actdetail.png,actdetail.png,PRIMARY_SOURCE,Primary Evidence Source,9d2e8a0a1656e1a855d0232ed6695eb8485f44cd79e74707234b1869cd4b27cc,9d2e8a0a1656e1a855d0232ed6695eb8485f44cd79e74707234b1869cd4b27cc,MATCH,73974,1,N/A (Raster Image),0,Extracted,622,1,OCR-Only (Raster Image),PENDING,High,None,PROCESSED
SS-0007,BLAKE2026_Page_0139.pdf,BLAKE2026_Page_0139.pdf,PRIMARY_SOURCE,Primary Evidence Source,3207b2b9dd15cd978974a1e2889e958996145d064e1cbddde014ecad48d0dfd3,3207b2b9dd15cd978974a1e2889e958996145d064e1cbddde014ecad48d0dfd3,MATCH,33376245,1,Extracted,1040,Extracted,1017,1,Agrees (1/1 pages),PENDING,High (Dual-Verified),None,PROCESSED
SS-0008,BLAKE2026_Page_0197.pdf,BLAKE2026_Page_0197.pdf,PRIMARY_SOURCE,Primary Evidence Source,d7423765faabb3deea6680504bf49b62d9b57aed284b7a683d1bb69a786d395c,d7423765faabb3deea6680504bf49b62d9b57aed284b7a683d1bb69a786d395c,MATCH,33375650,1,Extracted,632,Extracted,614,1,Agrees (1/1 pages),PENDING,High (Dual-Verified),None,PROCESSED
SS-0009,BLAKE2026_Page_0198.pdf,BLAKE2026_Page_0198.pdf,PRIMARY_SOURCE,Primary Evidence Source,bf7e318b01945496248df1388e45ebbf66d00d8b8af5c02697724e099c274da0,bf7e318b01945496248df1388e45ebbf66d00d8b8af5c02697724e099c274da0,MATCH,33376063,1,Extracted,990,Extracted,956,1,Agrees (1/1 pages),PENDING,High (Dual-Verified),None,PROCESSED
SS-0010,BLAKE2026_Page_0203.pdf,BLAKE2026_Page_0203.pdf,PRIMARY_SOURCE,Primary Evidence Source,5ba3ffab6835b013bd3524cd3a9b5c259e2442c81fa112a7a51a59be3fc82069,5ba3ffab6835b013bd3524cd3a9b5c259e2442c81fa112a7a51a59be3fc82069,MATCH,33376030,1,Extracted,1052,Extracted,1025,1,Agrees (1/1 pages),PENDING,High (Dual-Verified),None,PROCESSED
SS-0011,BLAKE2026_Page_0290.pdf,BLAKE2026_Page_0290.pdf,PRIMARY_SOURCE,Primary Evidence Source,77ce22287fcea67c660a6424c99c45613d35aa99671e2f888810063de3d126fd,77ce22287fcea67c660a6424c99c45613d35aa99671e2f888810063de3d126fd,MATCH,33376221,1,Extracted,1088,Extracted,1055,1,Agrees (1/1 pages),PENDING,High (Dual-Verified),None,PROCESSED
SS-0012,BLAKE2026_Page_0350.pdf,BLAKE2026_Page_0350.pdf,PRIMARY_SOURCE,Primary Evidence Source,9643d002b1b9047d13fd3c8189948d6ec28ba2d9f1e95249fdb3b84337c6f8ba,9643d002b1b9047d13fd3c8189948d6ec28ba2d9f1e95249fdb3b84337c6f8ba,MATCH,33375839,1,Extracted,725,Extracted,703,1,Agrees (1/1 pages),PENDING,High (Dual-Verified),None,PROCESSED
SS-0013,BLAKE2026_Page_0353.pdf,BLAKE2026_Page_0353.pdf,PRIMARY_SOURCE,Primary Evidence Source,cbd03aed85c04f6f075dbc241fb26950eb3ce4f37f17faff9a274823e4d54bab,cbd03aed85c04f6f075dbc241fb26950eb3ce4f37f17faff9a274823e4d54bab,MATCH,33376176,1,Extracted,916,Extracted,893,1,Agrees (1/1 pages),PENDING,High (Dual-Verified),None,PROCESSED
SS-0014,BLAKE2026_Page_0354.pdf,BLAKE2026_Page_0354.pdf,PRIMARY_SOURCE,Primary Evidence Source,c274ebce61c96883b0575dd91b95b8ad53ed2b45681323d04d5cc43c17d7be11,c274ebce61c96883b0575dd91b95b8ad53ed2b45681323d04d5cc43c17d7be11,MATCH,33376138,1,Extracted,724,Extracted,699,1,Agrees (1/1 pages),PENDING,High (Dual-Verified),None,PROCESSED
SS-0015,BLAKE2026_Page_0367.pdf,BLAKE2026_Page_0367.pdf,PRIMARY_SOURCE,Primary Evidence Source,42ee36235cc6c41780181bc64eff904352641e5cef231c3314ec6913f50b5c64,42ee36235cc6c41780181bc64eff904352641e5cef231c3314ec6913f50b5c64,MATCH,33376148,1,Extracted,964,Extracted,942,1,Agrees (1/1 pages),PENDING,High (Dual-Verified),None,PROCESSED
SS-0016,BLAKE2026_Page_0376.pdf,BLAKE2026_Page_0376.pdf,PRIMARY_SOURCE,Primary Evidence Source,216850221f2ecefab7d90d1cc49a405cb25b04f6e113c8149e65b6227d5a6781,216850221f2ecefab7d90d1cc49a405cb25b04f6e113c8149e65b6227d5a6781,MATCH,33375899,1,Extracted,966,Extracted,939,1,Agrees (1/1 pages),PENDING,High (Dual-Verified),None,PROCESSED
SS-0017,BLAKE2026_Page_0377.pdf,BLAKE2026_Page_0377.pdf,PRIMARY_SOURCE,Primary Evidence Source,bd1f2fa539e986f9a3798f8844c6a1fa5709bc8f1064b86b30e7c07839e8964e,bd1f2fa539e986f9a3798f8844c6a1fa5709bc8f1064b86b30e7c07839e8964e,MATCH,33376419,1,Extracted,1573,Extracted,1490,1,Agrees (1/1 pages),PENDING,High (Dual-Verified),None,PROCESSED
SS-0018,BLAKE2026_Page_0390.pdf,BLAKE2026_Page_0390.pdf,PRIMARY_SOURCE,Primary Evidence Source,c4108cbfada74e7690facac387e0f7ac17913b4690014f2eb86e081d8323e4d9,c4108cbfada74e7690facac387e0f7ac17913b4690014f2eb86e081d8323e4d9,MATCH,33376269,1,Extracted,1011,Extracted,972,1,Agrees (1/1 pages),PENDING,High (Dual-Verified),None,PROCESSED
SS-0019,BLAKE2026_Page_0426.pdf,BLAKE2026_Page_0426.pdf,PRIMARY_SOURCE,Primary Evidence Source,3bd7779e441239b64afa5592a64c519e8f8e46d25ee0ad8213a8720ed00179e9,3bd7779e441239b64afa5592a64c519e8f8e46d25ee0ad8213a8720ed00179e9,MATCH,33376468,1,Extracted,1727,Extracted,1630,1,Agrees (1/1 pages),PENDING,High (Dual-Verified),None,PROCESSED
SS-0020,BLAKE2026_Page_0428.pdf,BLAKE2026_Page_0428.pdf,PRIMARY_SOURCE,Primary Evidence Source,152c774d092776dd8c55e7556b92fafaccfe4419a4b2998189333773b34ff8a1,152c774d092776dd8c55e7556b92fafaccfe4419a4b2998189333773b34ff8a1,MATCH,33375424,1,Extracted,542,Extracted,799,1,Partial Agreement (1/1 pages),PENDING,High (Dual-Verified),None,PROCESSED
SS-0021,BLAKE2026_Page_0461.pdf,BLAKE2026_Page_0461.pdf,PRIMARY_SOURCE,Primary Evidence Source,8100f488ed1655cb2bf0c2174c13a02c0837699a63a3fe6c00a37ad4ea15dd2b,8100f488ed1655cb2bf0c2174c13a02c0837699a63a3fe6c00a37ad4ea15dd2b,MATCH,33375693,1,Extracted,502,Extracted,485,1,Agrees (1/1 pages),PENDING,High (Dual-Verified),None,PROCESSED
SS-0022,BLAKE2026_Page_0463.pdf,BLAKE2026_Page_0463.pdf,PRIMARY_SOURCE,Primary Evidence Source,5db22077798ede813bfa82f775f828b696fc50694082b0e3177246d6fe659873,5db22077798ede813bfa82f775f828b696fc50694082b0e3177246d6fe659873,MATCH,33375956,1,Extracted,682,Extracted,652,1,Agrees (1/1 pages),PENDING,High (Dual-Verified),None,PROCESSED
SS-0023,BLAKE2026_Page_0467.pdf,BLAKE2026_Page_0467.pdf,PRIMARY_SOURCE,Primary Evidence Source,6e7924c562bb9586d76d0250aab9b0b70f0aa22843fc47b2a65662fa8b7f4a1f,6e7924c562bb9586d76d0250aab9b0b70f0aa22843fc47b2a65662fa8b7f4a1f,MATCH,33375918,1,Extracted,853,Extracted,825,1,Agrees (1/1 pages),PENDING,High (Dual-Verified),None,PROCESSED
SS-0024,BLAKE2026_Page_0521.pdf,BLAKE2026_Page_0521.pdf,PRIMARY_SOURCE,Primary Evidence Source,1b466d63c7f60a638fd512de3a1a02dacbdb3b93d3e951b5594a4c86839e8ea8,1b466d63c7f60a638fd512de3a1a02dacbdb3b93d3e951b5594a4c86839e8ea8,MATCH,33376806,1,Extracted,2207,Extracted,2153,1,Agrees (1/1 pages),PENDING,High (Dual-Verified),None,PROCESSED
SS-0025,BLAKE2026_Page_0532.pdf,BLAKE2026_Page_0532.pdf,PRIMARY_SOURCE,Primary Evidence Source,d6de7b51c31803acf8ad7eb82276b0a53ee42934e03196687ff3767511c68a9d,d6de7b51c31803acf8ad7eb82276b0a53ee42934e03196687ff3767511c68a9d,MATCH,33376634,1,Extracted,1612,Extracted,1579,1,Agrees (1/1 pages),PENDING,High (Dual-Verified),None,PROCESSED
SS-0026,BLAKE2026_Page_0579.pdf,BLAKE2026_Page_0579.pdf,PRIMARY_SOURCE,Primary Evidence Source,9266669face8494c21afd53d19c552b647415e67c5ba302716380d3c8ec91924,9266669face8494c21afd53d19c552b647415e67c5ba302716380d3c8ec91924,MATCH,33376201,1,Extracted,1161,Extracted,1123,1,Agrees (1/1 pages),PENDING,High (Dual-Verified),None,PROCESSED
SS-0027,BLAKE2026_Page_0580.pdf,BLAKE2026_Page_0580.pdf,PRIMARY_SOURCE,Primary Evidence Source,2f1f731d360fedd2868b0a5076c77f1225e68ac25abeb81681010fcd0c95f471,2f1f731d360fedd2868b0a5076c77f1225e68ac25abeb81681010fcd0c95f471,MATCH,33376154,1,Extracted,953,Extracted,929,1,Agrees (1/1 pages),PENDING,High (Dual-Verified),None,PROCESSED
SS-0028,BLAKE2026_Page_0639.pdf,BLAKE2026_Page_0639.pdf,PRIMARY_SOURCE,Primary Evidence Source,e9c9d4aa08ec7901bfd5ddb81cb1ea9bfdc9299f7aea4fbb7659d7a0cdb518d2,e9c9d4aa08ec7901bfd5ddb81cb1ea9bfdc9299f7aea4fbb7659d7a0cdb518d2,MATCH,33375883,1,Extracted,908,Extracted,883,1,Agrees (1/1 pages),PENDING,High (Dual-Verified),None,PROCESSED
SS-0029,BLAKE2026_Page_0641.pdf,BLAKE2026_Page_0641.pdf,PRIMARY_SOURCE,Primary Evidence Source,370da4010e79fad90bf6290b32428afe5135907adfa786e8132319c0b5c545d5,370da4010e79fad90bf6290b32428afe5135907adfa786e8132319c0b5c545d5,MATCH,33376818,1,Extracted,1619,Extracted,1572,1,Agrees (1/1 pages),PENDING,High (Dual-Verified),None,PROCESSED
SS-0030,BLAKE2026_Page_0644.pdf,BLAKE2026_Page_0644.pdf,PRIMARY_SOURCE,Primary Evidence Source,e2cd6af6116a9d6eab9ac33a9e3aeddd969f312dc683b354932dfe1f1e3360ce,e2cd6af6116a9d6eab9ac33a9e3aeddd969f312dc683b354932dfe1f1e3360ce,MATCH,33376957,1,Extracted,2642,Extracted,2585,1,Agrees (1/1 pages),PENDING,High (Dual-Verified),None,PROCESSED
SS-0031,BLAKE2026_Page_0649.pdf,BLAKE2026_Page_0649.pdf,PRIMARY_SOURCE,Primary Evidence Source,57fbe3d9f36a19ece7e6e47b8f0e4e022ef7549ef510dbbb9485d204122253a4,57fbe3d9f36a19ece7e6e47b8f0e4e022ef7549ef510dbbb9485d204122253a4,MATCH,33376755,1,Extracted,1698,Extracted,1655,1,Agrees (1/1 pages),PENDING,High (Dual-Verified),None,PROCESSED
SS-0032,BLAKE2026_Page_0717.pdf,BLAKE2026_Page_0717.pdf,PRIMARY_SOURCE,Primary Evidence Source,1abd2e8191836cfc3d22e6403657bb5681990e5a96c04dd2471a94a1eb294e05,1abd2e8191836cfc3d22e6403657bb5681990e5a96c04dd2471a94a1eb294e05,MATCH,33375970,1,Extracted,913,Extracted,889,1,Agrees (1/1 pages),PENDING,High (Dual-Verified),None,PROCESSED
SS-0033,BLAKE2026_Page_0900.pdf,BLAKE2026_Page_0900.pdf,PRIMARY_SOURCE,Primary Evidence Source,e512409823af405e65edb74bcf7b877d5de6c074c2e21776d4aee30d3de52f1d,e512409823af405e65edb74bcf7b877d5de6c074c2e21776d4aee30d3de52f1d,MATCH,33375703,1,Extracted,620,Extracted,716,1,Agrees (1/1 pages),PENDING,High (Dual-Verified),None,PROCESSED
SS-0034,BLAKE2026_Page_0901.pdf,BLAKE2026_Page_0901.pdf,PRIMARY_SOURCE,Primary Evidence Source,17d53ae2d42021fd780de4471259e8bc5ebf0aa261b1b55bbcc19d64cd122547,17d53ae2d42021fd780de4471259e8bc5ebf0aa261b1b55bbcc19d64cd122547,MATCH,33375792,1,Extracted,730,Extracted,645,1,Agrees (1/1 pages),PENDING,High (Dual-Verified),None,PROCESSED
SS-0035,BLAKE2026_Page_0902.pdf,BLAKE2026_Page_0902.pdf,PRIMARY_SOURCE,Primary Evidence Source,64ba5ec6255763a4d651644bc5c7a5316d3357795cc831f15d5e4b21db4cfa09,64ba5ec6255763a4d651644bc5c7a5316d3357795cc831f15d5e4b21db4cfa09,MATCH,33375161,1,Extracted,245,Extracted,323,1,Partial Agreement (1/1 pages),PENDING,High (Dual-Verified),None,PROCESSED
SS-0036,BLAKE2026_Page_0903.pdf,BLAKE2026_Page_0903.pdf,PRIMARY_SOURCE,Primary Evidence Source,862541fc4e7c91482feb191f1325d5f49f1ce4ad48008a82e978191b75df0137,862541fc4e7c91482feb191f1325d5f49f1ce4ad48008a82e978191b75df0137,MATCH,33375900,1,Extracted,833,Extracted,809,1,Agrees (1/1 pages),PENDING,High (Dual-Verified),None,PROCESSED
SS-0037,BLAKE2026_Page_0906.pdf,BLAKE2026_Page_0906.pdf,PRIMARY_SOURCE,Primary Evidence Source,c7b2569319fa59a558aed8e4a8d23de916b1cb3fed3fc500e49dba7dde2e23a7,c7b2569319fa59a558aed8e4a8d23de916b1cb3fed3fc500e49dba7dde2e23a7,MATCH,33376047,1,Extracted,727,Extracted,703,1,Agrees (1/1 pages),PENDING,High (Dual-Verified),None,PROCESSED
SS-0038,BLAKE2026_Page_1426.pdf,BLAKE2026_Page_1426.pdf,PRIMARY_SOURCE,Primary Evidence Source,48d9fde1b9f4b9d7a98ae0db2a760ac758877495ef7624fde20a90aed61ff1a7,48d9fde1b9f4b9d7a98ae0db2a760ac758877495ef7624fde20a90aed61ff1a7,MATCH,33376099,1,Extracted,800,Extracted,778,1,Agrees (1/1 pages),PENDING,High (Dual-Verified),None,PROCESSED
SS-0039,BLAKE2026_Page_1500.pdf,BLAKE2026_Page_1500.pdf,PRIMARY_SOURCE,Primary Evidence Source,12e91781cdafae8d3d6cf62561c088273f8ce0231bccb517ef68e64707b05a8c,12e91781cdafae8d3d6cf62561c088273f8ce0231bccb517ef68e64707b05a8c,MATCH,33376597,1,Extracted,1478,Extracted,1443,1,Agrees (1/1 pages),PENDING,High (Dual-Verified),None,PROCESSED
SS-0040,BLAKE2026_Page_1583.pdf,BLAKE2026_Page_1583.pdf,PRIMARY_SOURCE,Primary Evidence Source,7b6a957f4646c3741778b240adb6a44b9d22d025a16bc03089123a53c3e02937,7b6a957f4646c3741778b240adb6a44b9d22d025a16bc03089123a53c3e02937,MATCH,33375821,1,Extracted,859,Extracted,840,1,Agrees (1/1 pages),PENDING,High (Dual-Verified),None,PROCESSED
SS-0041,BLAKE2026_Page_1594.pdf,BLAKE2026_Page_1594.pdf,PRIMARY_SOURCE,Primary Evidence Source,f15834654cee23cc1cb6b860e2c4d41cffe15447037dee8b7dcf89157dc9aacb,f15834654cee23cc1cb6b860e2c4d41cffe15447037dee8b7dcf89157dc9aacb,MATCH,33375680,1,Extracted,482,Extracted,451,1,Partial Agreement (1/1 pages),PENDING,High (Dual-Verified),None,PROCESSED
SS-0042,BLAKE2026_Page_1597.pdf,BLAKE2026_Page_1597.pdf,PRIMARY_SOURCE,Primary Evidence Source,50479993cdad38936b939ae7f27655c5b6ae0a0dd43dd8607d60bc8149db0105,50479993cdad38936b939ae7f27655c5b6ae0a0dd43dd8607d60bc8149db0105,MATCH,33376028,1,Extracted,842,Extracted,812,1,Agrees (1/1 pages),PENDING,High (Dual-Verified),None,PROCESSED
SS-0043,BLAKE2026_Page_1605.pdf,BLAKE2026_Page_1605.pdf,PRIMARY_SOURCE,Primary Evidence Source,f4037abe9b64e5691fe6432bda02d828c2ff8ac3b86b64dee89d28dc50d1b3f0,f4037abe9b64e5691fe6432bda02d828c2ff8ac3b86b64dee89d28dc50d1b3f0,MATCH,33376414,1,Extracted,934,Extracted,895,1,Agrees (1/1 pages),PENDING,High (Dual-Verified),None,PROCESSED
SS-0044,BLAKE2026_Page_1620.pdf,BLAKE2026_Page_1620.pdf,PRIMARY_SOURCE,Primary Evidence Source,ca31ac5627021b5ccac754509a373ce26a2b9ddb420b7385b8d58452ee5b10bb,ca31ac5627021b5ccac754509a373ce26a2b9ddb420b7385b8d58452ee5b10bb,MATCH,33376635,1,Extracted,1678,Extracted,1633,1,Agrees (1/1 pages),PENDING,High (Dual-Verified),None,PROCESSED
SS-0045,BLAKE2026_Page_1667.pdf,BLAKE2026_Page_1667.pdf,PRIMARY_SOURCE,Primary Evidence Source,de797f9d8bbd7b28883dc56c8ad0bb9c8e0edbe5d3cee433332dc0117b9668ae,de797f9d8bbd7b28883dc56c8ad0bb9c8e0edbe5d3cee433332dc0117b9668ae,MATCH,33376199,1,Extracted,818,Extracted,789,1,Agrees (1/1 pages),PENDING,High (Dual-Verified),None,PROCESSED
SS-0046,BLAKE2026_Page_1671.pdf,BLAKE2026_Page_1671.pdf,PRIMARY_SOURCE,Primary Evidence Source,a04a0dcab7f647e8ce7725b90d7cb2d8ee02b7a083224dc42dd107b99c1535c8,a04a0dcab7f647e8ce7725b90d7cb2d8ee02b7a083224dc42dd107b99c1535c8,MATCH,33376549,1,Extracted,1270,Extracted,1235,1,Agrees (1/1 pages),PENDING,High (Dual-Verified),None,PROCESSED
SS-0047,BLAKE2026_Page_1782.pdf,BLAKE2026_Page_1782.pdf,PRIMARY_SOURCE,Primary Evidence Source,f963ab2ee75ed8b7629c2df7ec13cc74126237f18930aa9532ae91cda036b481,f963ab2ee75ed8b7629c2df7ec13cc74126237f18930aa9532ae91cda036b481,MATCH,33375895,1,Extracted,642,Extracted,620,1,Agrees (1/1 pages),PENDING,High (Dual-Verified),None,PROCESSED
SS-0048,BLAKE2026_Page_1800.pdf,BLAKE2026_Page_1800.pdf,PRIMARY_SOURCE,Primary Evidence Source,3a5f3e673a0c93e6ec57ff78576cff1095846dd059ee455308802c660a3f14f3,3a5f3e673a0c93e6ec57ff78576cff1095846dd059ee455308802c660a3f14f3,MATCH,33377038,1,Extracted,2793,Extracted,2734,1,Agrees (1/1 pages),PENDING,High (Dual-Verified),None,PROCESSED
SS-0049,BLAKE2026_Page_1813.pdf,BLAKE2026_Page_1813.pdf,PRIMARY_SOURCE,Primary Evidence Source,241d38e453fe169d8d1b013503f1f40e09bf9e1e8008b7ae59950b3f9aaeb6d9,241d38e453fe169d8d1b013503f1f40e09bf9e1e8008b7ae59950b3f9aaeb6d9,MATCH,33376574,1,Extracted,1606,Extracted,1556,1,Agrees (1/1 pages),PENDING,High (Dual-Verified),None,PROCESSED
SS-0050,BLAKE2026_Page_1814.pdf,BLAKE2026_Page_1814.pdf,PRIMARY_SOURCE,Primary Evidence Source,c443c1ae68650d1cdf9c3bd88bfeecd5e881690aa16083835aab1d98aeac3507,c443c1ae68650d1cdf9c3bd88bfeecd5e881690aa16083835aab1d98aeac3507,MATCH,33377112,1,Extracted,2070,Extracted,2023,1,Agrees (1/1 pages),PENDING,High (Dual-Verified),None,PROCESSED
SS-0051,bugbomb.jpg,bugbomb.jpg,PRIMARY_SOURCE,Primary Evidence Source,d460675885e3b0b68fc74c0e6c0626f04f93840e7d6c92460e6029893cdd6880,d460675885e3b0b68fc74c0e6c0626f04f93840e7d6c92460e6029893cdd6880,MATCH,363623,1,N/A (Raster Image),0,Extracted,1673,1,OCR-Only (Raster Image),PENDING,High,None,PROCESSED
SS-0052,bugbomb2.jpg,bugbomb2.jpg,PRIMARY_SOURCE,Primary Evidence Source,731d14597d4740cdb690e9244a4a0b5c54ede947eaf3fdc3f49b80a0bda63c0d,731d14597d4740cdb690e9244a4a0b5c54ede947eaf3fdc3f49b80a0bda63c0d,MATCH,320909,1,N/A (Raster Image),0,Extracted,1396,1,OCR-Only (Raster Image),PENDING,High,None,PROCESSED
SS-0053,bugbomb3.jpg,bugbomb3.jpg,PRIMARY_SOURCE,Primary Evidence Source,a7fdf839e246f8109d90fd9e8111794d52013e6cc73f27a63cf61eaab5a97038,a7fdf839e246f8109d90fd9e8111794d52013e6cc73f27a63cf61eaab5a97038,MATCH,72104,1,N/A (Raster Image),0,Extracted,2599,1,OCR-Only (Raster Image),PENDING,High,None,PROCESSED
SS-0054,bugbomb4.jpg,bugbomb4.jpg,PRIMARY_SOURCE,Primary Evidence Source,1cd6ef6142381872b6c99f5eb99738e44526f9e010d9ace1885b24163edd631d,1cd6ef6142381872b6c99f5eb99738e44526f9e010d9ace1885b24163edd631d,MATCH,99194,1,N/A (Raster Image),0,Extracted,1167,1,OCR-Only (Raster Image),PENDING,High,None,PROCESSED
SS-0055,CAR_DEAL_EVIDENCE_ALL_SOURCE_PAGES.pdf,CAR_DEAL_EVIDENCE_ALL_SOURCE_PAGES.pdf,PRIMARY_SOURCE,Primary Evidence Source,ba5c80e118cb0a97acbe1a14888f0f6e8d5784953ab6219d0fc6c8cdc61283c0,ba5c80e118cb0a97acbe1a14888f0f6e8d5784953ab6219d0fc6c8cdc61283c0,MATCH,1469960557,44,Extracted,49127,Extracted,48069,44,Agrees (41/44 pages),PENDING,High (Dual-Verified),None,PROCESSED
SS-0056,Complete_Emails_Since_Reporting_and_Last_Contact.pdf,Complete_Emails_Since_Reporting_and_Last_Contact.pdf,PRIMARY_SOURCE,Primary Evidence Source,10d8d11c4476e4699c4a8b0091767c9c7887d6e7a612923043b43a255531c31a,10d8d11c4476e4699c4a8b0091767c9c7887d6e7a612923043b43a255531c31a,MATCH,2427575,42,Extracted,98539,Extracted,86809,42,Discrepancy Detected (27/42 pages),PENDING,High (Dual-Verified),None,PROCESSED
SS-0057,CompromisedEmailSearchHistory.png,CompromisedEmailSearchHistory.png,PRIMARY_SOURCE,Primary Evidence Source,ff727cf063df243f6f8d874481c5163d03926b0c851cb8c4b892700252b5f72a,ff727cf063df243f6f8d874481c5163d03926b0c851cb8c4b892700252b5f72a,MATCH,350998,1,N/A (Raster Image),0,Extracted,3800,1,OCR-Only (Raster Image),PENDING,High,None,PROCESSED
SS-0058,desktop.ini,desktop.ini,SYSTEM_METADATA,System File,b3b812023c35c406ef516035e3badbf2578217e7901965520a1456c12a31a753,b3b812023c35c406ef516035e3badbf2578217e7901965520a1456c12a31a753,MATCH,196,N/A,Plaintext / Structured Data Parsed,193,N/A,0,0,N/A (Tabular/Markdown/System),PENDING,High (Direct Structured Source),None,METADATA_PRESERVED
SS-0059,DET1.jpg,DET1.jpg,PRIMARY_SOURCE,Primary Evidence Source,39db55f95ce2aa3004c03fa106a793ad1b973bb044959b1717f50e12af93e782,39db55f95ce2aa3004c03fa106a793ad1b973bb044959b1717f50e12af93e782,MATCH,108608,1,N/A (Raster Image),0,Extracted,1315,1,OCR-Only (Raster Image),PENDING,High,None,PROCESSED
SS-0060,DeviceAccessGoogle.png,DeviceAccessGoogle.png,PRIMARY_SOURCE,Primary Evidence Source,a1beab90702b788571043e4cd9f25aaffd7ee61c028d4b886f39df26b876c338,a1beab90702b788571043e4cd9f25aaffd7ee61c028d4b886f39df26b876c338,MATCH,182018,1,N/A (Raster Image),0,Extracted,808,1,OCR-Only (Raster Image),PENDING,High,None,PROCESSED
SS-0061,digital-control-scan\claimed_deletion_vs_later_possession.csv,claimed_deletion_vs_later_possession.csv,DERIVATIVE_ANALYSIS,Derivative Analysis / Prior Scan Report,851e7854ff6ec90c1ea0ca06b03626a1b85dbda0b46ba606f763ac171bf4d9ed,851e7854ff6ec90c1ea0ca06b03626a1b85dbda0b46ba606f763ac171bf4d9ed,MATCH,1947,N/A,Plaintext / Structured Data Parsed,1944,N/A,0,0,N/A (Tabular/Markdown/System),PENDING,High (Direct Structured Source),None,DERIVATIVE_CATALOGED
SS-0062,digital-control-scan\digital_control_clean_report.md,digital_control_clean_report.md,DERIVATIVE_ANALYSIS,Derivative Analysis / Prior Scan Report,4ed5c1c0e3bf389ed7e32bffa3c35dc1b491dc12153ac10024e1f329fd7b94b3,4ed5c1c0e3bf389ed7e32bffa3c35dc1b491dc12153ac10024e1f329fd7b94b3,MATCH,19037,N/A,Plaintext / Structured Data Parsed,19037,N/A,0,0,N/A (Tabular/Markdown/System),PENDING,High (Direct Structured Source),None,DERIVATIVE_CATALOGED
SS-0063,digital-control-scan\digital_control_count_sheet.csv,digital_control_count_sheet.csv,DERIVATIVE_ANALYSIS,Derivative Analysis / Prior Scan Report,93ef469565ea892a2ff7d9995410fa28a46ff00ef239ca14403f86e066ef26bd,93ef469565ea892a2ff7d9995410fa28a46ff00ef239ca14403f86e066ef26bd,MATCH,1696,N/A,Plaintext / Structured Data Parsed,1690,N/A,0,0,N/A (Tabular/Markdown/System),PENDING,High (Direct Structured Source),None,DERIVATIVE_CATALOGED
SS-0064,digital-control-scan\digital_control_master_index.csv,digital_control_master_index.csv,DERIVATIVE_ANALYSIS,Derivative Analysis / Prior Scan Report,e7d71a0288b1121538c78862d12248145fbc61cba8297d0bf6acb2c7dc0a0699,e7d71a0288b1121538c78862d12248145fbc61cba8297d0bf6acb2c7dc0a0699,MATCH,6199,N/A,Plaintext / Structured Data Parsed,6189,N/A,0,0,N/A (Tabular/Markdown/System),PENDING,High (Direct Structured Source),None,DERIVATIVE_CATALOGED
SS-0065,digital-control-scan\false_closure_relitigation.csv,false_closure_relitigation.csv,DERIVATIVE_ANALYSIS,Derivative Analysis / Prior Scan Report,3f266a3a24957541cda2445d5f235fa22475b49a901f25dbc534937bbfc16f80,3f266a3a24957541cda2445d5f235fa22475b49a901f25dbc534937bbfc16f80,MATCH,982,N/A,Plaintext / Structured Data Parsed,980,N/A,0,0,N/A (Tabular/Markdown/System),PENDING,High (Direct Structured Source),None,DERIVATIVE_CATALOGED
SS-0066,digital-control-scan\screenshot_deletion_pressure.csv,screenshot_deletion_pressure.csv,DERIVATIVE_ANALYSIS,Derivative Analysis / Prior Scan Report,64cbe037e95d5f561493ffe5a4fc8e39f537df5d75b78ea174911dff833eac23,64cbe037e95d5f561493ffe5a4fc8e39f537df5d75b78ea174911dff833eac23,MATCH,1416,N/A,Plaintext / Structured Data Parsed,1413,N/A,0,0,N/A (Tabular/Markdown/System),PENDING,High (Direct Structured Source),None,DERIVATIVE_CATALOGED
SS-0067,everyrighttolookfamilycourtwatch.pdf,everyrighttolookfamilycourtwatch.pdf,PRIMARY_SOURCE,Primary Evidence Source,e944e4ae3631dc76b8ad641486f5be0a6350e47671b6fd8e31909e134273da0a,e944e4ae3631dc76b8ad641486f5be0a6350e47671b6fd8e31909e134273da0a,MATCH,97228,6,Extracted,20006,Extracted,16218,6,Partial Agreement (5/6 pages),PENDING,High (Dual-Verified),None,PROCESSED
SS-0068,EX01_2026-05-24_google_photos_album_printed_texts.pdf,EX01_2026-05-24_google_photos_album_printed_texts.pdf,PRIMARY_SOURCE,Primary Evidence Source,c270f1f97efb6cabd6016769dcba9d21ef20cf813ff748c4c9c941a2b638a193,c270f1f97efb6cabd6016769dcba9d21ef20cf813ff748c4c9c941a2b638a193,MATCH,104028,11,Extracted,23315,Extracted,18234,11,Agrees (9/11 pages),PENDING,High (Dual-Verified),None,PROCESSED
SS-0069,EX01_2026-05-24_google_photos_album_printed_texts_original_message.pdf,EX01_2026-05-24_google_photos_album_printed_texts_original_message.pdf,PRIMARY_SOURCE,Primary Evidence Source,c270f1f97efb6cabd6016769dcba9d21ef20cf813ff748c4c9c941a2b638a193,c270f1f97efb6cabd6016769dcba9d21ef20cf813ff748c4c9c941a2b638a193,MATCH,104028,11,Extracted,23315,Extracted,18234,11,Agrees (9/11 pages),PENDING,High (Dual-Verified),None,PROCESSED
SS-0070,EX02_2026-05-24_naked_google_photos_printout_parents_p1827.png,EX02_2026-05-24_naked_google_photos_printout_parents_p1827.png,PRIMARY_SOURCE,Primary Evidence Source,181dd7f35a544d0cd533d2925ee7877f20948e415847e21e0ed3cf27a98e9918,181dd7f35a544d0cd533d2925ee7877f20948e415847e21e0ed3cf27a98e9918,MATCH,107530,1,N/A (Raster Image),0,Extracted,1838,1,OCR-Only (Raster Image),PENDING,High,None,PROCESSED
SS-0071,EX02_2026-05-24_naked_google_photos_printout_parents_p1828.png,EX02_2026-05-24_naked_google_photos_printout_parents_p1828.png,PRIMARY_SOURCE,Primary Evidence Source,943ab6c9ca4a4013d77c43233e9509cc4b8696d2a90839fb91c277b2ede7f03f,943ab6c9ca4a4013d77c43233e9509cc4b8696d2a90839fb91c277b2ede7f03f,MATCH,90883,1,N/A (Raster Image),0,Extracted,2958,1,OCR-Only (Raster Image),PENDING,High,None,PROCESSED
SS-0072,EX03_child_google_drive_private_photos_scroll_boobs_question.jpeg,EX03_child_google_drive_private_photos_scroll_boobs_question.jpeg,PRIMARY_SOURCE,Primary Evidence Source,b513a97cc6db61fd46a79f0614eac9961776239b4dcd9256fcb53d7ce0a0e8fd,b513a97cc6db61fd46a79f0614eac9961776239b4dcd9256fcb53d7ce0a0e8fd,MATCH,372391,1,N/A (Raster Image),0,Extracted,1382,1,OCR-Only (Raster Image),PENDING,High,None,PROCESSED
SS-0073,EX04_2026-05-18_cps_unload_entire_folder.pdf,EX04_2026-05-18_cps_unload_entire_folder.pdf,PRIMARY_SOURCE,Primary Evidence Source,3d5f25807c1be74cbfc24695040998d962272c8c0e7fa0260d5c6a4c7b46814e,3d5f25807c1be74cbfc24695040998d962272c8c0e7fa0260d5c6a4c7b46814e,MATCH,33366187,3,Extracted,7432,Extracted,7281,3,Agrees (3/3 pages),PENDING,High (Dual-Verified),None,PROCESSED
SS-0074,EX04_child_attached_prison_threat_money_meeting.jpeg,EX04_child_attached_prison_threat_money_meeting.jpeg,PRIMARY_SOURCE,Primary Evidence Source,39db55f95ce2aa3004c03fa106a793ad1b973bb044959b1717f50e12af93e782,39db55f95ce2aa3004c03fa106a793ad1b973bb044959b1717f50e12af93e782,MATCH,108608,1,N/A (Raster Image),0,Extracted,1315,1,OCR-Only (Raster Image),PENDING,High,None,PROCESSED
SS-0075,EX06_2026-01-05_google_photos_downloaded_link.pdf,EX06_2026-01-05_google_photos_downloaded_link.pdf,PRIMARY_SOURCE,Primary Evidence Source,968ec189ae1fb19b3dce6861740f49fd3b5aee184eb1345c7406fca7b2160384,968ec189ae1fb19b3dce6861740f49fd3b5aee184eb1345c7406fca7b2160384,MATCH,33362959,2,Extracted,5620,Extracted,5466,2,Agrees (2/2 pages),PENDING,High (Dual-Verified),None,PROCESSED
SS-0076,EX08_2026-04-26_google_account_line_by_line.pdf,EX08_2026-04-26_google_account_line_by_line.pdf,PRIMARY_SOURCE,Primary Evidence Source,9e79e4e9c70bb68349b63262b43615d09ba5c13d1b21f49a96936644f5ada66d,9e79e4e9c70bb68349b63262b43615d09ba5c13d1b21f49a96936644f5ada66d,MATCH,33361178,2,Extracted,2944,Extracted,3175,2,Partial Agreement (1/2 pages),PENDING,High (Dual-Verified),None,PROCESSED
SS-0077,EX11_2026-05-24_right_to_look_family_court_watch_first.pdf,EX11_2026-05-24_right_to_look_family_court_watch_first.pdf,PRIMARY_SOURCE,Primary Evidence Source,e944e4ae3631dc76b8ad641486f5be0a6350e47671b6fd8e31909e134273da0a,e944e4ae3631dc76b8ad641486f5be0a6350e47671b6fd8e31909e134273da0a,MATCH,97228,6,Extracted,20006,Extracted,16218,6,Partial Agreement (5/6 pages),PENDING,High (Dual-Verified),None,PROCESSED
SS-0078,EX12_2026_child_google_drive_private_photos_2ED63267.jpeg,EX12_2026_child_google_drive_private_photos_2ED63267.jpeg,PRIMARY_SOURCE,Primary Evidence Source,b513a97cc6db61fd46a79f0614eac9961776239b4dcd9256fcb53d7ce0a0e8fd,b513a97cc6db61fd46a79f0614eac9961776239b4dcd9256fcb53d7ce0a0e8fd,MATCH,372391,1,N/A (Raster Image),0,Extracted,1382,1,OCR-Only (Raster Image),PENDING,High,None,PROCESSED
SS-0079,Focused_Harassment_Charge_Packet_Complete.pdf,Focused_Harassment_Charge_Packet_Complete.pdf,PRIMARY_SOURCE,Primary Evidence Source,f726b0bb8ec8a585ba824dcd0f1f918611abd06cca488f8402aecde40248a24e,f726b0bb8ec8a585ba824dcd0f1f918611abd06cca488f8402aecde40248a24e,MATCH,1687167,30,Extracted,43095,Extracted,48623,30,Partial Agreement (16/30 pages),PENDING,High (Dual-Verified),None,PROCESSED
SS-0080,functional-destabilization-expanded-scan\administrative_sabotage.csv,administrative_sabotage.csv,DERIVATIVE_ANALYSIS,Derivative Analysis / Prior Scan Report,cb7d31c9eefc048c1c1eee6c4764484dee7107b731159f2184fef359ba99a115,cb7d31c9eefc048c1c1eee6c4764484dee7107b731159f2184fef359ba99a115,MATCH,849,N/A,Plaintext / Structured Data Parsed,847,N/A,0,0,N/A (Tabular/Markdown/System),PENDING,High (Direct Structured Source),None,DERIVATIVE_CATALOGED
SS-0081,functional-destabilization-expanded-scan\apology_gift_threat_cycle.csv,apology_gift_threat_cycle.csv,DERIVATIVE_ANALYSIS,Derivative Analysis / Prior Scan Report,dbeef388695727ed2d9d7d6941294a5e5220d0fd3d0c306fda9cb6ce9ba9abd6,dbeef388695727ed2d9d7d6941294a5e5220d0fd3d0c306fda9cb6ce9ba9abd6,MATCH,578,N/A,Plaintext / Structured Data Parsed,577,N/A,0,0,N/A (Tabular/Markdown/System),PENDING,High (Direct Structured Source),None,DERIVATIVE_CATALOGED
SS-0082,functional-destabilization-expanded-scan\child_access_emotional_leverage.csv,child_access_emotional_leverage.csv,DERIVATIVE_ANALYSIS,Derivative Analysis / Prior Scan Report,f57c1b1874d14efa62d04a953e79bf5bbc47b74489407d775f36fdaf0b656954,f57c1b1874d14efa62d04a953e79bf5bbc47b74489407d775f36fdaf0b656954,MATCH,792,N/A,Plaintext / Structured Data Parsed,790,N/A,0,0,N/A (Tabular/Markdown/System),PENDING,High (Direct Structured Source),None,DERIVATIVE_CATALOGED
SS-0083,functional-destabilization-expanded-scan\compliance_punished.csv,compliance_punished.csv,DERIVATIVE_ANALYSIS,Derivative Analysis / Prior Scan Report,35243b602f3d756d19c2d4662d80788267a96afdada15af0921b50352969fcd7,35243b602f3d756d19c2d4662d80788267a96afdada15af0921b50352969fcd7,MATCH,1747,N/A,Plaintext / Structured Data Parsed,1744,N/A,0,0,N/A (Tabular/Markdown/System),PENDING,High (Direct Structured Source),None,DERIVATIVE_CATALOGED
SS-0084,functional-destabilization-expanded-scan\dependency_creation_punishment.csv,dependency_creation_punishment.csv,DERIVATIVE_ANALYSIS,Derivative Analysis / Prior Scan Report,3a95834a13d275b16eca63b182d01feddd4e4ad0e30907c55e03f21d7074d16d,3a95834a13d275b16eca63b182d01feddd4e4ad0e30907c55e03f21d7074d16d,MATCH,925,N/A,Plaintext / Structured Data Parsed,923,N/A,0,0,N/A (Tabular/Markdown/System),PENDING,High (Direct Structured Source),None,DERIVATIVE_CATALOGED
SS-0085,functional-destabilization-expanded-scan\evidence_resistant_reality_reversal.csv,evidence_resistant_reality_reversal.csv,DERIVATIVE_ANALYSIS,Derivative Analysis / Prior Scan Report,94a3cefabcff91ab35574b417a2b553e86cded6b29031f4cc7bbd92c0b507d40,94a3cefabcff91ab35574b417a2b553e86cded6b29031f4cc7bbd92c0b507d40,MATCH,989,N/A,Plaintext / Structured Data Parsed,987,N/A,0,0,N/A (Tabular/Markdown/System),PENDING,High (Direct Structured Source),None,DERIVATIVE_CATALOGED
SS-0086,functional-destabilization-expanded-scan\forced_defense_loop.csv,forced_defense_loop.csv,DERIVATIVE_ANALYSIS,Derivative Analysis / Prior Scan Report,28555849cf013ace9f6a7c27d279bd891e99ff1b4a96e1334e19965ae5d155c3,28555849cf013ace9f6a7c27d279bd891e99ff1b4a96e1334e19965ae5d155c3,MATCH,997,N/A,Plaintext / Structured Data Parsed,995,N/A,0,0,N/A (Tabular/Markdown/System),PENDING,High (Direct Structured Source),None,DERIVATIVE_CATALOGED
SS-0087,functional-destabilization-expanded-scan\functional_destabilization_expanded_report.md,functional_destabilization_expanded_report.md,DERIVATIVE_ANALYSIS,Derivative Analysis / Prior Scan Report,9512e92a74e8b61c8f534821902785a3eef869c97e2f30f2e1c7832009d02d54,9512e92a74e8b61c8f534821902785a3eef869c97e2f30f2e1c7832009d02d54,MATCH,11920,N/A,Plaintext / Structured Data Parsed,11920,N/A,0,0,N/A (Tabular/Markdown/System),PENDING,High (Direct Structured Source),None,DERIVATIVE_CATALOGED
SS-0088,functional-destabilization-expanded-scan\immediate_response_demands.csv,immediate_response_demands.csv,DERIVATIVE_ANALYSIS,Derivative Analysis / Prior Scan Report,af6690e5b1b5af8fc1c273ea2d507743d910b1a05262923546cb3cc593f41545,af6690e5b1b5af8fc1c273ea2d507743d910b1a05262923546cb3cc593f41545,MATCH,879,N/A,Plaintext / Structured Data Parsed,877,N/A,0,0,N/A (Tabular/Markdown/System),PENDING,High (Direct Structured Source),None,DERIVATIVE_CATALOGED
SS-0089,functional-destabilization-expanded-scan\in_person_intrusion_showing_up.csv,in_person_intrusion_showing_up.csv,DERIVATIVE_ANALYSIS,Derivative Analysis / Prior Scan Report,392d7df62f2558d0d41a85e9550d04e72a9e3ea3e21c3993a284d780ddd9b4d6,392d7df62f2558d0d41a85e9550d04e72a9e3ea3e21c3993a284d780ddd9b4d6,MATCH,842,N/A,Plaintext / Structured Data Parsed,840,N/A,0,0,N/A (Tabular/Markdown/System),PENDING,High (Direct Structured Source),None,DERIVATIVE_CATALOGED
SS-0090,functional-destabilization-expanded-scan\moral_debt_ledger.csv,moral_debt_ledger.csv,DERIVATIVE_ANALYSIS,Derivative Analysis / Prior Scan Report,ef39cb21e7b83b218408bd4e2dca3ece86b9f0f2dbcf5927f74a8e2c31ae62bd,ef39cb21e7b83b218408bd4e2dca3ece86b9f0f2dbcf5927f74a8e2c31ae62bd,MATCH,476,N/A,Plaintext / Structured Data Parsed,475,N/A,0,0,N/A (Tabular/Markdown/System),PENDING,High (Direct Structured Source),None,DERIVATIVE_CATALOGED
SS-0091,functional-destabilization-expanded-scan\moving_goalposts.csv,moving_goalposts.csv,DERIVATIVE_ANALYSIS,Derivative Analysis / Prior Scan Report,a08f57ba94a456a218ad6c10a791d54fc590a5b9ce160b02142da3f384a2b42e,a08f57ba94a456a218ad6c10a791d54fc590a5b9ce160b02142da3f384a2b42e,MATCH,1011,N/A,Plaintext / Structured Data Parsed,1009,N/A,0,0,N/A (Tabular/Markdown/System),PENDING,High (Direct Structured Source),None,DERIVATIVE_CATALOGED
SS-0092,functional-destabilization-expanded-scan\no_recovery_window.csv,no_recovery_window.csv,DERIVATIVE_ANALYSIS,Derivative Analysis / Prior Scan Report,fc76d8c0b0e1bd7e19c7a049807450d4d64c7a47d15ebbeb8280e03ab7d47424,fc76d8c0b0e1bd7e19c7a049807450d4d64c7a47d15ebbeb8280e03ab7d47424,MATCH,728,N/A,Plaintext / Structured Data Parsed,726,N/A,0,0,N/A (Tabular/Markdown/System),PENDING,High (Direct Structured Source),None,DERIVATIVE_CATALOGED
SS-0093,functional-destabilization-expanded-scan\secrecy_reputation_protection.csv,secrecy_reputation_protection.csv,DERIVATIVE_ANALYSIS,Derivative Analysis / Prior Scan Report,2c67de1518366a9690c61db5345ec9b735eca80a4d65e3605d13fd455ef2d151,2c67de1518366a9690c61db5345ec9b735eca80a4d65e3605d13fd455ef2d151,MATCH,1023,N/A,Plaintext / Structured Data Parsed,1021,N/A,0,0,N/A (Tabular/Markdown/System),PENDING,High (Direct Structured Source),None,DERIVATIVE_CATALOGED
SS-0094,functional-destabilization-expanded-scan\threat_stacking.csv,threat_stacking.csv,DERIVATIVE_ANALYSIS,Derivative Analysis / Prior Scan Report,48b351f690aa8c6349da63450e58b6285da1258dcca8ff18d43db5fc925bf04f,48b351f690aa8c6349da63450e58b6285da1258dcca8ff18d43db5fc925bf04f,MATCH,1102,N/A,Plaintext / Structured Data Parsed,1100,N/A,0,0,N/A (Tabular/Markdown/System),PENDING,High (Direct Structured Source),None,DERIVATIVE_CATALOGED
SS-0095,functional-destabilization-expanded-scan\topic_flooding.csv,topic_flooding.csv,DERIVATIVE_ANALYSIS,Derivative Analysis / Prior Scan Report,0c3e50a5ed985c3e1cfef53dedd8d1f45896370a2182a4c1c7096487643ff628,0c3e50a5ed985c3e1cfef53dedd8d1f45896370a2182a4c1c7096487643ff628,MATCH,708,N/A,Plaintext / Structured Data Parsed,707,N/A,0,0,N/A (Tabular/Markdown/System),PENDING,High (Direct Structured Source),None,DERIVATIVE_CATALOGED
SS-0096,imgoingtosendyourentiregoogledrive.pdf,imgoingtosendyourentiregoogledrive.pdf,PRIMARY_SOURCE,Primary Evidence Source,c270f1f97efb6cabd6016769dcba9d21ef20cf813ff748c4c9c941a2b638a193,c270f1f97efb6cabd6016769dcba9d21ef20cf813ff748c4c9c941a2b638a193,MATCH,104028,11,Extracted,23315,Extracted,18234,11,Agrees (9/11 pages),PENDING,High (Dual-Verified),None,PROCESSED
SS-0097,JACKDRIVE.jpeg,JACKDRIVE.jpeg,PRIMARY_SOURCE,Primary Evidence Source,b513a97cc6db61fd46a79f0614eac9961776239b4dcd9256fcb53d7ce0a0e8fd,b513a97cc6db61fd46a79f0614eac9961776239b4dcd9256fcb53d7ce0a0e8fd,MATCH,372391,1,N/A (Raster Image),0,Extracted,1382,1,OCR-Only (Raster Image),PENDING,High,None,PROCESSED
SS-0098,LeaaseNonanswertoCarAccountRequest.pdf,LeaaseNonanswertoCarAccountRequest.pdf,PRIMARY_SOURCE,Primary Evidence Source,39649e91fdcb58ead38e5b90856f4c78d4b0f750c2303ccf63f5c13b453142a1,39649e91fdcb58ead38e5b90856f4c78d4b0f750c2303ccf63f5c13b453142a1,MATCH,986604,4,No Digital Text Layer,0,Extracted,8723,4,OCR-Only (Scanned/Raster Content) (4/4 pages),PENDING,High (Single Layer Available),None,PROCESSED
SS-0099,Notauthorized.pdf,Notauthorized.pdf,PRIMARY_SOURCE,Primary Evidence Source,9ae4d9eeb85f6642aceb96de37c6629fd0fb3dfc15e2fa6ddc3a90a828a6bcb1,9ae4d9eeb85f6642aceb96de37c6629fd0fb3dfc15e2fa6ddc3a90a828a6bcb1,MATCH,320771,1,No Digital Text Layer,0,Extracted,1642,1,OCR-Only (Scanned/Raster Content) (1/1 pages),PENDING,High (Single Layer Available),None,PROCESSED
SS-0100,NotificationofNotAuthorizedandResponse.png,NotificationofNotAuthorizedandResponse.png,PRIMARY_SOURCE,Primary Evidence Source,d48c0ea54084dfc2b8cbce14e03e912f516294bfc52f2da48eb04990df91c46c,d48c0ea54084dfc2b8cbce14e03e912f516294bfc52f2da48eb04990df91c46c,MATCH,1054808,1,N/A (Raster Image),0,Extracted,3595,1,OCR-Only (Raster Image),PENDING,High,None,PROCESSED
SS-0101,Oops_towthreats.pdf,Oops_towthreats.pdf,PRIMARY_SOURCE,Primary Evidence Source,63e948f46457033901234529814b19643320de8ed96a3e2dabb5387d74c1b4ec,63e948f46457033901234529814b19643320de8ed96a3e2dabb5387d74c1b4ec,MATCH,621497,3,No Digital Text Layer,0,Extracted,3840,3,OCR-Only (Scanned/Raster Content) (3/3 pages),PENDING,High (Single Layer Available),None,PROCESSED
SS-0102,requesttocease_unrelated accusations.pdf,requesttocease_unrelated accusations.pdf,PRIMARY_SOURCE,Primary Evidence Source,e6a4c0696f42525e2ad926e61de038371ff6173cf036de796445e7f86261dba3,e6a4c0696f42525e2ad926e61de038371ff6173cf036de796445e7f86261dba3,MATCH,883883,4,No Digital Text Layer,0,Extracted,5635,4,OCR-Only (Scanned/Raster Content) (4/4 pages),PENDING,High (Single Layer Available),None,PROCESSED
SS-0103,ResponsetoNotAuthorized.pdf,ResponsetoNotAuthorized.pdf,PRIMARY_SOURCE,Primary Evidence Source,2eb6c76702f42b03d4ca020bd7ef20ed8ad3cc64ec3b2d7083619dad67396fb8,2eb6c76702f42b03d4ca020bd7ef20ed8ad3cc64ec3b2d7083619dad67396fb8,MATCH,269893,1,No Digital Text Layer,0,Extracted,1320,1,OCR-Only (Scanned/Raster Content) (1/1 pages),PENDING,High (Single Layer Available),None,PROCESSED
SS-0104,Screenshot 2026-08-01 124617.png,Screenshot 2026-08-01 124617.png,PRIMARY_SOURCE,Primary Evidence Source,12805ca21c09a3d3e7722255cb0aba721e1330afc4345fb8b9c774ee8ee17b3d,12805ca21c09a3d3e7722255cb0aba721e1330afc4345fb8b9c774ee8ee17b3d,MATCH,50846,1,N/A (Raster Image),0,Extracted,351,1,OCR-Only (Raster Image),PENDING,High,None,PROCESSED
SS-0105,security.png,security.png,PRIMARY_SOURCE,Primary Evidence Source,0623d7cff9664b6ab139091fb8a4018364b811abec66e9cf0aedc03b548d9be0,0623d7cff9664b6ab139091fb8a4018364b811abec66e9cf0aedc03b548d9be0,MATCH,189451,1,N/A (Raster Image),0,Extracted,959,1,OCR-Only (Raster Image),PENDING,High,None,PROCESSED
SS-0106,security3.png,security3.png,PRIMARY_SOURCE,Primary Evidence Source,72c864355c7f814786d35a371f3b350966eb62f05deb7be73be675fad5f52209,72c864355c7f814786d35a371f3b350966eb62f05deb7be73be675fad5f52209,MATCH,100635,1,N/A (Raster Image),0,Extracted,959,1,OCR-Only (Raster Image),PENDING,High,None,PROCESSED
SS-0107,securitytwo.png,securitytwo.png,PRIMARY_SOURCE,Primary Evidence Source,8512fde4724390b5d3327309c2f6343f0786d86d4bbdadaf5d39633012aada68,8512fde4724390b5d3327309c2f6343f0786d86d4bbdadaf5d39633012aada68,MATCH,151893,1,N/A (Raster Image),0,Extracted,650,1,OCR-Only (Raster Image),PENDING,High,None,PROCESSED
