Quote ID,Message ID,Evidence ID(s),Source ID,Original Filename,PDF Page,Image/Page Region / Bounding Box,Existing Claimed Transcription,Visually Verified Transcription,Quote Verification Status,Uncertainty Marker,Verification Notes,Verification Method,Verification Timestamp
QTE-001,MSG-000035,EVD-001,SS-0096; SS-0068; SS-0069,imgoingtosendyourentiregoogledrive.pdf; EX01_2026-05-24_google_photos_album_printed_texts.pdf; EX01_2026-05-24_google_photos_album_printed_texts_original_message.pdf,Page 5 (SS-0096),"Body paragraph, lines 12-14",the next one that I see you send her I’m going to send your entire Google Photos album printed every text message everything I already have it all done,the next one that I see you send her I’m going to send your entire Google Photos album printed every text message everything I already have it all done,VERIFIED,NONE,"Exact character match. Located on page 5 of preserved email PDF thread sent Sunday, May 24, 2026, 1:28 PM from Blake Harris. Preserved PDF displays headers reporting DKIM=pass/SPF=pass.",Character-for-character visual comparison against rendered source PDF page,2026-09-14T23:06:26
QTE-002,MSG-000033,EVD-002,SS-0071,EX02_2026-05-24_naked_google_photos_printout_parents_p1828.png,N/A (Image),Lower message bubble (y: 650-750 px),"If I have to drive to your parents, sell myself leave them print out of everything that you've done I will because they just seem to be a good little girl","If I have to drive to your parents, sell myself leave them print out of everything that you’ve done I will because they just seem to be a good little girl.",VERIFIED,NONE,Exact character match. Captured from high-resolution screenshot of page 1828 of 2026 message export printout. Preceded by statements referencing drug photos ('math') and followed by threat to remove rent and car money.,Character-for-character visual comparison against rendered screenshot image,2026-09-14T23:06:26
QTE-003,MSG-000036,EVD-003,SS-0067; SS-0077,everyrighttolookfamilycourtwatch.pdf; EX11_2026-05-24_right_to_look_family_court_watch_first.pdf,Page 1 (SS-0067),"Body paragraph, lines 8-12","I have every right to look through those pictures and say whatever I want and because without them, I’d probably be dead... you wanna try to take me to Family court? We guess what we’re gonna watch first","I have every right to look through those pictures and say whatever I want about them because without them, I’d probably be dead because of the campaign of lies deceit and hatefulness from you the only way that I could prove that you were a piece of shit was that you wanna try to take me to Family court? We guess what we’re gonna watch first",VERIFIED,NONE,"Exact character match. Found on page 1 of preserved email PDF sent May 24, 2026, 3:10 PM from Blake Harris. Preserved PDF displays headers reporting DKIM=pass/SPF=pass.",Character-for-character visual comparison against rendered source PDF page,2026-09-14T23:06:26
QTE-004,MSG-000027,EVD-004,SS-0073,EX04_2026-05-18_cps_unload_entire_folder.pdf,Page 2 (Page 1799),"Body text, line 21","and I swear to God if you call CPS, I will unload the entire folder that I have for you making up some bullshit about not being able to get a hold of","and I swear to God if you call CPS, I will unload the entire folder that I have for you making up some bullshit about not being able to get a hold of.",VERIFIED,NONE,Exact character match. Located on page 2 of EX04 PDF (page 1799 of underlying export). Explicit condition linking CPS contact to mass disclosure of compiled folder.,Character-for-character visual comparison against rendered source PDF page,2026-09-14T23:06:26
QTE-005,MSG-000021,EVD-005,SS-0072; SS-0097; SS-0078,EX03_child_google_drive_private_photos_scroll_boobs_question.jpeg; JACKDRIVE.jpeg; EX12_2026_child_google_drive_private_photos_2ED63267.jpeg,N/A (Image),Central grey bubble (y: 220-560 px),He seen all of your pictures on your Google Drive. He was literally scrolling through them. Why is mommy showing her boobs? Who did she send these to? I thought they were just for you daddy why does she have her fingers when she goes potty and that’s not her name she’s talking to,He seen all of your pictures on your Google Drive. He was literally scrolling through them. Why is mommy showing her boobs? Who did she send these to? I thought they were just for you daddy why does she have her fingers when she goes potty and that’s not her name she’s talking to,VERIFIED,NONE,Exact character match. The top of the screenshot contains partially scrolled messages [PARTIALLY OBSCURED] and the bottom contains a partially visible bubble [PARTIALLY OBSCURED] behind the text input bar ('Because you were leaving Xanax inside of his fucking playpen Jayme...'). The quoted text itself is completely unobscured.,Character-for-character visual comparison against rendered screenshot image,2026-09-14T23:06:26
QTE-006,MSG-000027,EVD-006,SS-0073,EX04_2026-05-18_cps_unload_entire_folder.pdf,Page 2 (Page 1799),"Body text, lines 1-3",I can go through all of your shit again and I can find one after another after another don’t think I still don’t have access because it’s all a lot,I can go through all of your shit again and I can find one after another after another don’t think I still don’t have access because it’s all a lot.,VERIFIED,NONE,Exact character match. Followed immediately by demand: 'I want you off OneDrive. I want you off from Spanish. I want you off all the email account...'.,Character-for-character visual comparison against rendered source PDF page,2026-09-14T23:06:26
QTE-007,MSG-000045,EVD-007,SS-0003,41messegeaccusationsthreats.pdf,Page 5,"Upper email header body, line 4","If you never created them, then there wouldn't be pictures of them in Google Drive with my name on them","If you never created them, then there wouldn't be pictures of them in Google Drive with my name on them",VERIFIED,NONE,Scanned PDF page containing email exchange regarding Bluevine account creation. Verified via high-resolution rendering and dual-extraction OCR.,Character-for-character dual-extraction OCR verification against rendered PDF page,2026-09-14T23:06:26
QTE-008,MSG-000066,EVD-008,SS-0106; SS-0107,security3.png; securitytwo.png,N/A (Image),Takeout modal and alert timeline,"Archive of Google data requested: 3 products · Maps, Maps (your places), Timeline. URL: takeout.google.com/.../archive/b1e08d32-6e83-4843-a74e-905bfaba68f8","Archive of Google data requested: 3 products · Maps, Maps (your places), Timeline. URL: https://takeout.google.com/u/5/manage/archive/b1e08d32-6e83-4843-a74e-905bfaba68f8",VERIFIED,NONE,"Exact character match across browser address bar and Google Takeout modal dialog. In SS-0107, timeline entry reads 'July 30, 10:33 PM Archive of Google data requested'.",Character-for-character visual comparison against rendered screenshots,2026-09-14T23:06:26
QTE-009,MSG-000065,EVD-009,SS-0004; SS-0005,act.png; actactivityuna.png,N/A (Image),Activity stream items,Used Maps. 3750 E Palm Valley Blvd. 10:19 PM. Details.,"Maps
3750 E Palm Valley Blvd
10:19 PM • Details
Maps
Used Maps
10:19 PM • Details",VERIFIED,NONE,Exact character match from Google My Activity log entries captured in SS-0004 and SS-0005.,Character-for-character visual comparison against rendered screenshots,2026-09-14T23:06:26
QTE-010,MSG-000068,EVD-010,SS-0100; SS-0099,NotificationofNotAuthorizedandResponse.png; Notauthorized.pdf,N/A (Image) / Page 1 (PDF),Upper email body (y: 285-330 px),"You are not authorized to access, reset, recover, export, or change information on any of my accounts. I am receiving repeated security alerts for Mac sign-ins from Houston and data-export requests I did not authorize. Stop immediately. I am preserving these alerts. Do not contact me except in writing about necessary matters involving Jack.","You are not authorized to access, reset, recover, export, or change information on any of my accounts. I am receiving repeated security alerts for Mac sign-ins from Houston and data-export requests I did not authorize. Stop immediately. I am preserving these alerts. Do not contact me except in writing about necessary matters involving Jack.",VERIFIED,NONE,"Exact character match. Sent July 31, 2026, 12:15 AM from Jayme Volstad to Blake Harris.",Character-for-character visual comparison against rendered screenshot SS-0100 and PDF SS-0099,2026-09-14T23:06:26
QTE-011,MSG-000069,EVD-011,SS-0100; SS-0103,NotificationofNotAuthorizedandResponse.png; ResponsetoNotAuthorized.pdf,N/A (Image) / Page 1 (PDF),Lower email body (y: 400-515 px),Yes mam. Now the bigger question is. Are you lying like you always do... No one wants to see your pictures of meth pipes at your apt and meth in bags and half the city that well good night... Cuase ive already won. Sweet dreams.,"Yes mam. Now the bigger question is. Are you lying like you always do. Or are you telling the truth. Because you lie so much you don’t know what’s really going on in the world.how many people do you piss off online a day? Now. Your not authorized to login to toast to any of my email accounts anything... No one wants to see your pictures of meth pipes at your apt and meth in bags and half the city that well good night. So pleasent to take a piss and see you contact me. what sucks is I can’t be the low life that you have becomeand  make up disgusting accusations you should be ashamed of yourself. If there is a god, your screwed after that last one. Because I actually care. That’s why I haven’t done a single damn bit of retribution and never will. Cuase ive already won. Sweet dreams.",VERIFIED,NONE,"Exact character match. Contains distinct verbatim misspellings ('wouold', 'becomeand  make up', 'pleasent', 'Cuase ive already won'). Sent July 31, 2026, 5:00 AM.",Character-for-character visual comparison against rendered screenshot SS-0100 and PDF SS-0103,2026-09-14T23:06:26
QTE-012,MSG-000006,EVD-012,SS-0051; SS-0052; SS-0053,bugbomb.jpg; bugbomb2.jpg; bugbomb3.jpg,N/A (Image),Middle grey bubble at 5:02 PM (y: 655-770 px),Rips open the door rips the phones out of my hand tells me to get out I'm sitting on the couch crying and he one by one rips the tab off of four bug bombs in my face then throws them in the house drags me outside no shoes none of my stuff and speeds off Mind you his kid was there The cats were inside,Rips open the door rips the phones out of my hand tells me to get out I’m sitting on the couch crying and he one by one rips the tab off of four bug bombs in my face then throws them in the house drags me outside no shoes none of my stuff and speeds off,VERIFIED,NONE,"Exact character match. Followed immediately by two short discrete bubbles: 'Mind you his kid was there' and 'The cats were inside'. In SS-0051, the bottom bubble 'She called the fucking cops and locked me...' is partially cut off at the edge [CROPPED], but is fully visible on SS-0052.",Character-for-character visual comparison against rendered screenshots,2026-09-14T23:06:26
QTE-013,MSG-000016,EVD-013,SS-0054,bugbomb4.jpg,N/A (Image),Single grey message bubble,"Im letting you know due to the fact that I'm still having problems breathing and the situation I am now in due to blakes actions I will be pressing charges against Blake... use of a pesticide inside of the home let alone directly in my face is assault, prohibited chemical weapons, tampering/public health as well as in the presence of a child and with animals inside the house as well. On top of that him taking the phone that was given to me back that he knows has my phone service on it and leaving me without service to contact anyone is theft.","Im letting you know due to the fact that I’m still having problems breathing and the situation I am now in due to blakes actions I will be pressing charges against Blake. I have pictures of the cans of the bug bombs you threw out of the house I need to seek medical treatment and the use of a pesticide inside of the home let alone directly in my face is assault, prohibited chemical weapons, tampering/ public health as well as in the presence of a child and with animals inside the house as well. On top of that him taking the phone that was given to me back that he knows has my phone service on it and leaving me without service to contact anyone is theft. I thought you deserved a fair warning but I did you a favor not telling the cops what happened yesterday only to learn you were the one who called them and I’m still having severe breathing problems Ive contacted a criminal defense attorney and this is what I have been advised to do.",VERIFIED,NONE,Exact character match. Notice that 'prohibited chemical weapons' is Jayme's own contemporaneous description sent to Scarlett (+1-713-355-9275).,Character-for-character visual comparison against rendered screenshot SS-0054,2026-09-14T23:06:26
QTE-014,MSG-000017,EVD-014,SS-0059; SS-0074,DET1.jpg; EX04_child_attached_prison_threat_money_meeting.jpeg,N/A (Image),Upper grey message bubble (y: 120-770 px),"FYI, I will have my son with me when I meet you to give this money to you so if you try to pull any bullshit, there's gonna be a charge with a child attached to it. He will literally be in my arms when I hand you the money and you know how they fuck with girls in prison that fuck with kids you will live a nightmare. Do not screw this up... if you cause more problems or for Jayme once you leave I will hunt you down","FYI, I will have my son with me when I meet you to give this money to you so if you try to pull any bullshit, there's gonna be a charge with a child attached to it. He will literally be in my arms when I hand you the money and you know how they fuck with girls in prison that fuck with kids you will live a nightmare. Do not screw this up. I appreciate the game that you got I'd be doing the same thing if I was in your position I used to do the same fucking bullshit you did I just need my life to chill the fuck out so you're gonna get what you want, but don't think if you if you cause more problems or for Jayme once you leave I will hunt you down and make sure you spend a long time bars. Do not test me. I am your only ticket out of here. I respect the fucking game in the bullshit so that's why I'm doing this because it's impressive. I don't know anybody that would go and be able to convince somebody like Jayme over and over again so good for you but I have to go to work and get shit done. I'm buying the ticket right now. I'm serious though do not play with me. .",VERIFIED,NONE,Exact character match. Sent from (281) 797-1396 at 12:53 PM. Verbatim contains 'spend a long time bars' and 'do not play with me. .'.,Character-for-character visual comparison against rendered screenshots SS-0059 and SS-0074,2026-09-14T23:06:26
QTE-015,MSG-000032,EVD-015,SS-0070; SS-0071,EX02_2026-05-24_naked_google_photos_printout_parents_p1827.png; EX02_2026-05-24_naked_google_photos_printout_parents_p1828.png,N/A (Image),Page 1827 bottom bubble and Page 1828 continuation,You can email me when you want to see Jack he's not coming over to your house until I see the inside of it and look through everything. I don't trust you I found so much more shit... Just die already.,You can email me when you want to see Jack he's not coming over to your house until I see the inside of it and look through everything. I don't trust you I found so much more shit... Just die already. Save me some fucking more pain.,VERIFIED,NONE,Exact character match spanning pages 1827 and 1828 of 2026 message export printouts.,Character-for-character visual comparison against rendered screenshots SS-0070 and SS-0071,2026-09-14T23:06:26
QTE-016,MSG-000041,EVD-016,SS-0003,41messegeaccusationsthreats.pdf,Page 2,"Body paragraph, lines 1-3","Fortunately, for you, I can't come up there until Friday so you've got until Friday, but if they're not significant improvements by tomorrow or Tuesday whenever they're given to you I will send Jessy and Hill [he'll] just tow the car","Fortunately, for you, I can't come up there until Friday so you've got until Friday, but if they're not significant improvements by tomorrow or Tuesday whenever they're given to you I will send Jessy and he'll just tow the car",VERIFIED,NONE,"Scanned PDF email thread from June 21, 2026, 10:49 AM. RapidOCR reads 'Hill' for 'he'll'.",Character-for-character dual-extraction OCR verification against rendered PDF page,2026-09-14T23:06:26
QTE-017,MSG-000049,EVD-017,SS-0101,Oops_towthreats.pdf,Page 3,"Top email body, line 1",FYI there is no insurance on the car. None... As well I need a copy of full coverage. If u refuse I'll have to get it towed,As well I need a copy of full coverage. If u refuse I'll have to get it towed,VERIFIED,NONE,Scanned PDF email thread. Blake Harris email at 9:48 PM states 'As well I need a copy of full coverage. If u refuse I'll have to get it towed'. Preceded by earlier email at 9:46 PM 'FYI there is no insurance on the car. None'.,Character-for-character dual-extraction OCR verification against rendered PDF page,2026-09-14T23:06:26
QTE-018,MSG-000053,EVD-018,SS-0098,LeaaseNonanswertoCarAccountRequest.pdf,Page 3,Itemized ledger listing,"The agreed vehicle price was $6,500... Total vehicle payments and credits: $6,180. Remaining balance based on the agreed $6,500 price: $320... When I am able to pay the remaining documented vehicle balance, I will notify you in writing so that the payment and the properly signed title-transfer documents can be exchanged at the same time.","$500 - February 17 Zelle payment
$2,505 - $1,990 plus $515 from my Sling funds, as discussed and acknowledged in writing
$2,000 - Mazda credit
$425 - May 7 Zelle payment
$250 - additional Zelle payment
Total vehicle payments and credits: $6,180
Remaining balance based on the agreed $6,500 price: $320",VERIFIED,NONE,"Scanned PDF email thread sent June 30, 2026, 6:07 PM by Jayme Volstad. Verbatim accounting verified.",Character-for-character dual-extraction OCR verification against rendered PDF page,2026-09-14T23:06:26
QTE-019,MSG-000046,EVD-019,SS-0101,Oops_towthreats.pdf,Page 1 and Page 2,Page 1 body and Page 2 body,I use the wrong card so rent didn't go through. Looks like you'll have to take care of it after all... And it's not leverage it's just that I'm not paying shit anymore not after the way I'm treated like just scum.,I use the wrong card so rent didn't go through. Looks like you'll have to take care of it after all. (Page 1) / And it's not leverage it's just that I'm not paying shit anymore not after the way I'm treated like just scum. You could care less about anything that I do so I could care less what happens to you (Page 2),VERIFIED,NONE,"Scanned PDF email thread. Verbatim text verified across two separate messages in the same thread on June 21, 2026 (1:54 PM and 4:04 PM).",Character-for-character dual-extraction OCR verification against rendered PDF pages,2026-09-14T23:06:26
QTE-020,MSG-000028,EVD-020,SS-0048,BLAKE2026_Page_1800.pdf,Page 1 (Page 1800),"Lower bubble, lines 11-15",The thing is I’ve been up in the hide you can look through everything in my I don’t care cause the only thing I have well I don’t have them anymore. It’s just pictures of you and I’m so mad that they’re all gone everything,"The thing is I’ve been up in the hide you can look through everything in my I don’t care cause the only thing I have well I don’t have them anymore. It’s just pictures of you and I’m so mad that they’re all gone everything but in 1 million years, you would never give me your phone.",VERIFIED,NONE,"Exact character match from rendered export page 1800. Sent May 19, 2026, 2:31 AM.",Character-for-character visual comparison against rendered source PDF page,2026-09-14T23:06:26
QTE-021,MSG-000036,EVD-021,SS-0067; SS-0077,everyrighttolookfamilycourtwatch.pdf; EX11_2026-05-24_right_to_look_family_court_watch_first.pdf,Page 1 (SS-0067),"Body paragraph, lines 19-21",saw your motorcycle boy last night. You never knew that I’ve been on that guy for seven years crazy just can’t be trusted.,saw your motorcycle boy last night. You never knew that I’ve been on that guy for seven years crazy just can’t be trusted.,VERIFIED,NONE,"Exact character match. Concluding lines of email sent May 24, 2026, 3:10 PM.",Character-for-character visual comparison against rendered source PDF page,2026-09-14T23:06:26
