Priority ID,Rank,Source ID,Original Filename,Relevant Message ID(s),Reason for Visual Review,Forensic / Legal Significance
REV-001,CRITICAL,SS-0100,NotificationofNotAuthorizedandResponse.png,MSG-000068; MSG-000069,"Full-screen browser capture showing formal revocation email and Blake Harris’s immediate 5:00 AM mocking reply. Contains visible browser tabs showing Scribus, Google Flow, and EXHIBITS folder.","Unquestionable baseline establishing legal boundary imposition, immediate breach, and ongoing possession of intimate/drug allegations."
REV-002,CRITICAL,SS-0106,security3.png,MSG-000066,"Direct screenshot of Google Takeout page displaying URL token `b1e08d32-6e83-4843-a74e-905bfaba68f8` and selection of Maps, Places, and Timeline data.",Direct technical evidence of attempted digital stalking and exfiltration of historical GPS location records.
REV-003,CRITICAL,SS-0107,securitytwo.png,MSG-000062; MSG-000063; MSG-000066,"Google Critical Security Alert dialog showing timeline: New sign-in Mac OS Texas (9:54 PM), password change attempt (10:11 PM), Takeout archive requested (10:33 PM).",Forensic timeline proving intruder escalation sequence from initial breach to data extraction.
REV-004,CRITICAL,SS-0070,EX02_2026-05-24_naked_google_photos_printout_parents_p1827.png,MSG-000029; MSG-000030; MSG-000031; MSG-000032,"High-resolution image of message export Page 1827 showing 2:31 AM escalation, wishing death, phone block, and home search requirement for seeing Jack.","Primary proof of severe verbal abuse, child visitation restriction, and Google Photos inspection."
REV-005,CRITICAL,SS-0071,EX02_2026-05-24_naked_google_photos_printout_parents_p1828.png,MSG-000033,"Continuation showing threat to drive printouts to parents, ""Just die already"", HPD reporting threat if messages are shared, and car/rent funding revocation.","Primary proof of extortion/silencing threats, parental reputational targeting, and resource withdrawal."
REV-006,CRITICAL,SS-0059,DET1.jpg,MSG-000017; MSG-000018; MSG-000019,Mobile screenshot of SMS message showing Blake explicitly planning to hold his son during cash exchange to engineer felony charges with prison threats.,Direct proof of child exploitation as a legal weapon and criminal extortion.
REV-007,CRITICAL,SS-0072,EX03_child_google_drive_private_photos_scroll_boobs_question.jpeg,MSG-000020; MSG-000021; MSG-000022; MSG-000023,Mobile screenshot showing Blake claiming child scrolled through Google Drive and weaponizing explicit sexual remarks.,Demonstrates drive access awareness and child exploitation for sexual humiliation.
REV-008,CRITICAL,SS-0051,bugbomb.jpg,MSG-000001; MSG-000003; MSG-000006; MSG-000007; MSG-000009,"Contemporaneous chat recounting bug bomb chemical attack, deployment of 4 foggers in face, dragging outside barefoot, and child/cat presence.",Primary contemporaneous narrative of domestic violence and prohibited chemical weapon deployment.
REV-009,CRITICAL,SS-0054,bugbomb4.jpg,MSG-000016,"Direct iMessage notice sent to co-tenant Scarlett reporting breathing injury, chemical weapon assault, and phone theft.",Written legal notice documenting physical injury and deprivation of communication.
REV-0010,CRITICAL,SS-0096,imgoingtosendyourentiregoogledrive.pdf,MSG-000035,Cryptographically authenticated email PDF (DKIM/SPF Pass) containing threat to print and send entire Google Photos album.,Legally irrefutable evidence of mass disclosure threat and 48-hour physical appearance demand.
REV-011,CRITICAL,SS-0067,everyrighttolookfamilycourtwatch.pdf,MSG-000034; MSG-000036,"Cryptographically authenticated email PDF containing claim of right to look at pictures, Family Court video threat, and motorcycle surveillance claim.",Legally irrefutable proof of custody litigation intimidation and movement surveillance.
REV-012,HIGH,SS-0057,CompromisedEmailSearchHistory.png,N/A (Account Forensic Capture),"Gmail UI screenshot displaying search query dropdown history containing sexual terms (fuck, cock, sex) and financial terms (paypal, checks, blake).",Proves intruder’s specific search profile targeting financial accounts and personal sexual keywords.
REV-013,HIGH,SS-0060,DeviceAccessGoogle.png,MSG-000067,"Google Account Manage Devices screen showing active Mac OS device in Houston, TX signed in July 30 at 10:37 PM.",Hardware and geolocation identification for unauthorized intrusion.
REV-014,HIGH,SS-0006,actdetail.png,MSG-000064; MSG-000065,"Google security detail card warning ""Review personal content: Did you recently download your account content? Done from an unfamiliar device.""",Google system corroboration of unauthorized data exfiltration.
REV-015,HIGH,SS-0101,Oops_towthreats.pdf,MSG-000046; MSG-000047; MSG-000048; MSG-000049; MSG-000050,"Complete 3-page email thread from June 21 showing sudden rent cancellation, insurance deactivation, and immediate tow threat.",Documents rapid retaliatory escalation targeting shelter and transportation.
REV-016,HIGH,SS-0098,LeaaseNonanswertoCarAccountRequest.pdf,MSG-000053; MSG-000054; MSG-000055,"Itemized vehicle accounting email thread demonstrating $6,180 paid and refusal to exchange title.",Refutes vehicle theft allegations and proves asset withholding.
REV-017,HIGH,SS-0102,requesttocease_unrelated accusations.pdf,MSG-000056; MSG-000057; MSG-000058; MSG-000059; MSG-000060; MSG-000061,"4-page email thread documenting comprehensive harassment audit (20 emails, missed calls, fake plea agreement) and Blake’s AI filter dismissal.",Comprehensive contemporaneous record of pattern of harassment and attempted communication suppression.
REV-018,HIGH,SS-0003,41messegeaccusationsthreats.pdf,MSG-000037 - MSG-000052,"9-page PDF containing 38-41 sequential emails from June 21-25 showing sustained barrage of demands, insults, tow threats, and Drive admissions.","Demonstrates severe volume, intensity, and coercive continuity over 5 days."
REV-019,HIGH,SS-0104,Screenshot 2026-08-01 124617.png,MSG-000070,WhatsApp call history displaying missed calls from Blake on July 11 and an unlisted number on July 10.,Corroborates unauthorized VoIP contact circumvention.
