Source ID,Original Filename,Relative Path,File Type,File Size Bytes,Dimensions / Pages,Creation Timestamp,Modification Timestamp,SHA-256,Readable Status,Likely Platform / Application,Classification
SS-0001,00_README_IMAGE_EMAIL_INDEX.txt,00_README_IMAGE_EMAIL_INDEX.txt,.txt,3571,N/A,2026-07-20T12:10:11.331799,2026-07-06T12:42:43,705b0cde2609a896bd04223a5bccb172253ce05e249403f527bb0518f9c8eba5,Readable (Plaintext),User Evidence Index,Reference Documentation / Index
SS-0002,01_Focused_Vehicle_Location_Supplement.pdf,01_Focused_Vehicle_Location_Supplement.pdf,.pdf,2557437,38 pages,2026-08-05T23:06:06.646196,2026-08-05T23:08:50.081578,afe500a32daca68e33439e7e1a95a4a1865b6eab4d8a5e964c0ea31628b10a0d,Readable (Digital Text + Embedded Images),Evidence Supplement (Texts & Location),PDF Source Document / Scanned Screenshots
SS-0003,41messegeaccusationsthreats.pdf,41messegeaccusationsthreats.pdf,.pdf,2293850,9 pages,2026-08-06T21:09:06.040627,2026-08-06T21:09:11.229095,7901fcaadaa8776e4af39431a665282b3d7f227aa76e9ccb82ceb7f04760f549,Readable (Digital Text + Embedded Images),iMessage / Apple Messages Scanned PDF,PDF Source Document / Scanned Screenshots
SS-0004,act.png,act.png,.png,35299,979x582,2026-08-01T14:13:47.807305,2026-08-01T14:13:47.926349,69b7bf3e5fd930860791fa014f31d8cba2c10de3ae5c0a17d472d3564e6a17a9,Readable (Requires OCR/Visual Inspection),Google Account Security / Activity,Raw Screenshot Image
SS-0005,actactivityuna.png,actactivityuna.png,.png,23960,1201x405,2026-08-01T14:13:07.455358,2026-08-01T14:13:07.580395,ea364c31efaf613bbd540f3dc8898878d08771d815b3ca5aac34f48cc08a53ef,Readable (Requires OCR/Visual Inspection),Google Account Security / Activity,Raw Screenshot Image
SS-0006,actdetail.png,actdetail.png,.png,73974,1108x615,2026-08-01T14:33:43.108369,2026-08-01T14:33:43.224919,9d2e8a0a1656e1a855d0232ed6695eb8485f44cd79e74707234b1869cd4b27cc,Readable (Requires OCR/Visual Inspection),Google Account Security / Activity,Raw Screenshot Image
SS-0007,BLAKE2026_Page_0139.pdf,BLAKE2026_Page_0139.pdf,.pdf,33376245,1 pages,2026-08-06T23:17:53.973490,2026-08-06T23:17:54.000924,3207b2b9dd15cd978974a1e2889e958996145d064e1cbddde014ecad48d0dfd3,Readable (Digital Text + Embedded Images),iMessage / Apple Messages Export Page,PDF Source Document / Scanned Screenshots
SS-0008,BLAKE2026_Page_0197.pdf,BLAKE2026_Page_0197.pdf,.pdf,33375650,1 pages,2026-08-06T23:17:54.213540,2026-08-06T23:17:54.232670,d7423765faabb3deea6680504bf49b62d9b57aed284b7a683d1bb69a786d395c,Readable (Digital Text + Embedded Images),iMessage / Apple Messages Export Page,PDF Source Document / Scanned Screenshots
SS-0009,BLAKE2026_Page_0198.pdf,BLAKE2026_Page_0198.pdf,.pdf,33376063,1 pages,2026-08-06T23:17:54.470604,2026-08-06T23:17:54.490302,bf7e318b01945496248df1388e45ebbf66d00d8b8af5c02697724e099c274da0,Readable (Digital Text + Embedded Images),iMessage / Apple Messages Export Page,PDF Source Document / Scanned Screenshots
SS-0010,BLAKE2026_Page_0203.pdf,BLAKE2026_Page_0203.pdf,.pdf,33376030,1 pages,2026-08-06T23:17:54.700560,2026-08-06T23:17:54.722228,5ba3ffab6835b013bd3524cd3a9b5c259e2442c81fa112a7a51a59be3fc82069,Readable (Digital Text + Embedded Images),iMessage / Apple Messages Export Page,PDF Source Document / Scanned Screenshots
SS-0011,BLAKE2026_Page_0290.pdf,BLAKE2026_Page_0290.pdf,.pdf,33376221,1 pages,2026-08-06T23:17:54.922759,2026-08-06T23:17:54.941890,77ce22287fcea67c660a6424c99c45613d35aa99671e2f888810063de3d126fd,Readable (Digital Text + Embedded Images),iMessage / Apple Messages Export Page,PDF Source Document / Scanned Screenshots
SS-0012,BLAKE2026_Page_0350.pdf,BLAKE2026_Page_0350.pdf,.pdf,33375839,1 pages,2026-08-06T23:17:55.143343,2026-08-06T23:17:55.171410,9643d002b1b9047d13fd3c8189948d6ec28ba2d9f1e95249fdb3b84337c6f8ba,Readable (Digital Text + Embedded Images),iMessage / Apple Messages Export Page,PDF Source Document / Scanned Screenshots
SS-0013,BLAKE2026_Page_0353.pdf,BLAKE2026_Page_0353.pdf,.pdf,33376176,1 pages,2026-08-06T23:17:55.387043,2026-08-06T23:17:55.408997,cbd03aed85c04f6f075dbc241fb26950eb3ce4f37f17faff9a274823e4d54bab,Readable (Digital Text + Embedded Images),iMessage / Apple Messages Export Page,PDF Source Document / Scanned Screenshots
SS-0014,BLAKE2026_Page_0354.pdf,BLAKE2026_Page_0354.pdf,.pdf,33376138,1 pages,2026-08-06T23:17:55.609719,2026-08-06T23:17:55.631695,c274ebce61c96883b0575dd91b95b8ad53ed2b45681323d04d5cc43c17d7be11,Readable (Digital Text + Embedded Images),iMessage / Apple Messages Export Page,PDF Source Document / Scanned Screenshots
SS-0015,BLAKE2026_Page_0367.pdf,BLAKE2026_Page_0367.pdf,.pdf,33376148,1 pages,2026-08-06T23:17:55.902669,2026-08-06T23:17:55.929061,42ee36235cc6c41780181bc64eff904352641e5cef231c3314ec6913f50b5c64,Readable (Digital Text + Embedded Images),iMessage / Apple Messages Export Page,PDF Source Document / Scanned Screenshots
SS-0016,BLAKE2026_Page_0376.pdf,BLAKE2026_Page_0376.pdf,.pdf,33375899,1 pages,2026-08-06T23:17:56.240093,2026-08-06T23:17:56.265132,216850221f2ecefab7d90d1cc49a405cb25b04f6e113c8149e65b6227d5a6781,Readable (Digital Text + Embedded Images),iMessage / Apple Messages Export Page,PDF Source Document / Scanned Screenshots
SS-0017,BLAKE2026_Page_0377.pdf,BLAKE2026_Page_0377.pdf,.pdf,33376419,1 pages,2026-08-06T23:17:56.516441,2026-08-06T23:17:56.540741,bd1f2fa539e986f9a3798f8844c6a1fa5709bc8f1064b86b30e7c07839e8964e,Readable (Digital Text + Embedded Images),iMessage / Apple Messages Export Page,PDF Source Document / Scanned Screenshots
SS-0018,BLAKE2026_Page_0390.pdf,BLAKE2026_Page_0390.pdf,.pdf,33376269,1 pages,2026-08-06T23:17:56.749247,2026-08-06T23:17:56.783306,c4108cbfada74e7690facac387e0f7ac17913b4690014f2eb86e081d8323e4d9,Readable (Digital Text + Embedded Images),iMessage / Apple Messages Export Page,PDF Source Document / Scanned Screenshots
SS-0019,BLAKE2026_Page_0426.pdf,BLAKE2026_Page_0426.pdf,.pdf,33376468,1 pages,2026-08-06T23:17:56.994551,2026-08-06T23:17:57.016232,3bd7779e441239b64afa5592a64c519e8f8e46d25ee0ad8213a8720ed00179e9,Readable (Digital Text + Embedded Images),iMessage / Apple Messages Export Page,PDF Source Document / Scanned Screenshots
SS-0020,BLAKE2026_Page_0428.pdf,BLAKE2026_Page_0428.pdf,.pdf,33375424,1 pages,2026-08-06T23:17:57.234524,2026-08-06T23:17:57.315853,152c774d092776dd8c55e7556b92fafaccfe4419a4b2998189333773b34ff8a1,Readable (Digital Text + Embedded Images),iMessage / Apple Messages Export Page,PDF Source Document / Scanned Screenshots
SS-0021,BLAKE2026_Page_0461.pdf,BLAKE2026_Page_0461.pdf,.pdf,33375693,1 pages,2026-08-06T23:17:57.525482,2026-08-06T23:17:57.546116,8100f488ed1655cb2bf0c2174c13a02c0837699a63a3fe6c00a37ad4ea15dd2b,Readable (Digital Text + Embedded Images),iMessage / Apple Messages Export Page,PDF Source Document / Scanned Screenshots
SS-0022,BLAKE2026_Page_0463.pdf,BLAKE2026_Page_0463.pdf,.pdf,33375956,1 pages,2026-08-06T23:17:57.743804,2026-08-06T23:17:57.764081,5db22077798ede813bfa82f775f828b696fc50694082b0e3177246d6fe659873,Readable (Digital Text + Embedded Images),iMessage / Apple Messages Export Page,PDF Source Document / Scanned Screenshots
SS-0023,BLAKE2026_Page_0467.pdf,BLAKE2026_Page_0467.pdf,.pdf,33375918,1 pages,2026-08-06T23:17:57.955283,2026-08-06T23:17:57.977968,6e7924c562bb9586d76d0250aab9b0b70f0aa22843fc47b2a65662fa8b7f4a1f,Readable (Digital Text + Embedded Images),iMessage / Apple Messages Export Page,PDF Source Document / Scanned Screenshots
SS-0024,BLAKE2026_Page_0521.pdf,BLAKE2026_Page_0521.pdf,.pdf,33376806,1 pages,2026-08-06T23:17:58.220954,2026-08-06T23:17:58.243301,1b466d63c7f60a638fd512de3a1a02dacbdb3b93d3e951b5594a4c86839e8ea8,Readable (Digital Text + Embedded Images),iMessage / Apple Messages Export Page,PDF Source Document / Scanned Screenshots
SS-0025,BLAKE2026_Page_0532.pdf,BLAKE2026_Page_0532.pdf,.pdf,33376634,1 pages,2026-08-06T23:17:58.437271,2026-08-06T23:17:58.456596,d6de7b51c31803acf8ad7eb82276b0a53ee42934e03196687ff3767511c68a9d,Readable (Digital Text + Embedded Images),iMessage / Apple Messages Export Page,PDF Source Document / Scanned Screenshots
SS-0026,BLAKE2026_Page_0579.pdf,BLAKE2026_Page_0579.pdf,.pdf,33376201,1 pages,2026-08-06T23:17:58.650656,2026-08-06T23:17:58.715185,9266669face8494c21afd53d19c552b647415e67c5ba302716380d3c8ec91924,Readable (Digital Text + Embedded Images),iMessage / Apple Messages Export Page,PDF Source Document / Scanned Screenshots
SS-0027,BLAKE2026_Page_0580.pdf,BLAKE2026_Page_0580.pdf,.pdf,33376154,1 pages,2026-08-06T23:17:58.966069,2026-08-06T23:17:58.986661,2f1f731d360fedd2868b0a5076c77f1225e68ac25abeb81681010fcd0c95f471,Readable (Digital Text + Embedded Images),iMessage / Apple Messages Export Page,PDF Source Document / Scanned Screenshots
SS-0028,BLAKE2026_Page_0639.pdf,BLAKE2026_Page_0639.pdf,.pdf,33375883,1 pages,2026-08-06T23:17:59.194759,2026-08-06T23:17:59.289330,e9c9d4aa08ec7901bfd5ddb81cb1ea9bfdc9299f7aea4fbb7659d7a0cdb518d2,Readable (Digital Text + Embedded Images),iMessage / Apple Messages Export Page,PDF Source Document / Scanned Screenshots
SS-0029,BLAKE2026_Page_0641.pdf,BLAKE2026_Page_0641.pdf,.pdf,33376818,1 pages,2026-08-06T23:17:59.495009,2026-08-06T23:17:59.514926,370da4010e79fad90bf6290b32428afe5135907adfa786e8132319c0b5c545d5,Readable (Digital Text + Embedded Images),iMessage / Apple Messages Export Page,PDF Source Document / Scanned Screenshots
SS-0030,BLAKE2026_Page_0644.pdf,BLAKE2026_Page_0644.pdf,.pdf,33376957,1 pages,2026-08-06T23:17:59.751100,2026-08-06T23:17:59.780542,e2cd6af6116a9d6eab9ac33a9e3aeddd969f312dc683b354932dfe1f1e3360ce,Readable (Digital Text + Embedded Images),iMessage / Apple Messages Export Page,PDF Source Document / Scanned Screenshots
SS-0031,BLAKE2026_Page_0649.pdf,BLAKE2026_Page_0649.pdf,.pdf,33376755,1 pages,2026-08-06T23:18:00.032237,2026-08-06T23:18:00.059645,57fbe3d9f36a19ece7e6e47b8f0e4e022ef7549ef510dbbb9485d204122253a4,Readable (Digital Text + Embedded Images),iMessage / Apple Messages Export Page,PDF Source Document / Scanned Screenshots
SS-0032,BLAKE2026_Page_0717.pdf,BLAKE2026_Page_0717.pdf,.pdf,33375970,1 pages,2026-08-06T23:18:00.305073,2026-08-06T23:18:00.333794,1abd2e8191836cfc3d22e6403657bb5681990e5a96c04dd2471a94a1eb294e05,Readable (Digital Text + Embedded Images),iMessage / Apple Messages Export Page,PDF Source Document / Scanned Screenshots
SS-0033,BLAKE2026_Page_0900.pdf,BLAKE2026_Page_0900.pdf,.pdf,33375703,1 pages,2026-08-06T23:18:00.568151,2026-08-06T23:18:00.657816,e512409823af405e65edb74bcf7b877d5de6c074c2e21776d4aee30d3de52f1d,Readable (Digital Text + Embedded Images),iMessage / Apple Messages Export Page,PDF Source Document / Scanned Screenshots
SS-0034,BLAKE2026_Page_0901.pdf,BLAKE2026_Page_0901.pdf,.pdf,33375792,1 pages,2026-08-06T23:18:00.853549,2026-08-06T23:18:00.874595,17d53ae2d42021fd780de4471259e8bc5ebf0aa261b1b55bbcc19d64cd122547,Readable (Digital Text + Embedded Images),iMessage / Apple Messages Export Page,PDF Source Document / Scanned Screenshots
SS-0035,BLAKE2026_Page_0902.pdf,BLAKE2026_Page_0902.pdf,.pdf,33375161,1 pages,2026-08-06T23:18:01.088902,2026-08-06T23:18:01.110268,64ba5ec6255763a4d651644bc5c7a5316d3357795cc831f15d5e4b21db4cfa09,Readable (Digital Text + Embedded Images),iMessage / Apple Messages Export Page,PDF Source Document / Scanned Screenshots
SS-0036,BLAKE2026_Page_0903.pdf,BLAKE2026_Page_0903.pdf,.pdf,33375900,1 pages,2026-08-06T23:18:01.304436,2026-08-06T23:18:01.364072,862541fc4e7c91482feb191f1325d5f49f1ce4ad48008a82e978191b75df0137,Readable (Digital Text + Embedded Images),iMessage / Apple Messages Export Page,PDF Source Document / Scanned Screenshots
SS-0037,BLAKE2026_Page_0906.pdf,BLAKE2026_Page_0906.pdf,.pdf,33376047,1 pages,2026-08-06T23:18:01.564918,2026-08-06T23:18:01.586089,c7b2569319fa59a558aed8e4a8d23de916b1cb3fed3fc500e49dba7dde2e23a7,Readable (Digital Text + Embedded Images),iMessage / Apple Messages Export Page,PDF Source Document / Scanned Screenshots
SS-0038,BLAKE2026_Page_1426.pdf,BLAKE2026_Page_1426.pdf,.pdf,33376099,1 pages,2026-08-06T23:18:01.772596,2026-08-06T23:18:01.800122,48d9fde1b9f4b9d7a98ae0db2a760ac758877495ef7624fde20a90aed61ff1a7,Readable (Digital Text + Embedded Images),iMessage / Apple Messages Export Page,PDF Source Document / Scanned Screenshots
SS-0039,BLAKE2026_Page_1500.pdf,BLAKE2026_Page_1500.pdf,.pdf,33376597,1 pages,2026-08-06T23:18:01.995305,2026-08-06T23:18:02.045837,12e91781cdafae8d3d6cf62561c088273f8ce0231bccb517ef68e64707b05a8c,Readable (Digital Text + Embedded Images),iMessage / Apple Messages Export Page,PDF Source Document / Scanned Screenshots
SS-0040,BLAKE2026_Page_1583.pdf,BLAKE2026_Page_1583.pdf,.pdf,33375821,1 pages,2026-08-06T23:18:02.267071,2026-08-06T23:18:02.301056,7b6a957f4646c3741778b240adb6a44b9d22d025a16bc03089123a53c3e02937,Readable (Digital Text + Embedded Images),iMessage / Apple Messages Export Page,PDF Source Document / Scanned Screenshots
SS-0041,BLAKE2026_Page_1594.pdf,BLAKE2026_Page_1594.pdf,.pdf,33375680,1 pages,2026-08-06T23:18:02.701033,2026-08-06T23:18:02.734493,f15834654cee23cc1cb6b860e2c4d41cffe15447037dee8b7dcf89157dc9aacb,Readable (Digital Text + Embedded Images),iMessage / Apple Messages Export Page,PDF Source Document / Scanned Screenshots
SS-0042,BLAKE2026_Page_1597.pdf,BLAKE2026_Page_1597.pdf,.pdf,33376028,1 pages,2026-08-06T23:18:02.993024,2026-08-06T23:18:03.048975,50479993cdad38936b939ae7f27655c5b6ae0a0dd43dd8607d60bc8149db0105,Readable (Digital Text + Embedded Images),iMessage / Apple Messages Export Page,PDF Source Document / Scanned Screenshots
SS-0043,BLAKE2026_Page_1605.pdf,BLAKE2026_Page_1605.pdf,.pdf,33376414,1 pages,2026-08-06T23:18:03.261857,2026-08-06T23:18:03.350684,f4037abe9b64e5691fe6432bda02d828c2ff8ac3b86b64dee89d28dc50d1b3f0,Readable (Digital Text + Embedded Images),iMessage / Apple Messages Export Page,PDF Source Document / Scanned Screenshots
SS-0044,BLAKE2026_Page_1620.pdf,BLAKE2026_Page_1620.pdf,.pdf,33376635,1 pages,2026-08-06T23:18:03.580779,2026-08-06T23:18:03.601606,ca31ac5627021b5ccac754509a373ce26a2b9ddb420b7385b8d58452ee5b10bb,Readable (Digital Text + Embedded Images),iMessage / Apple Messages Export Page,PDF Source Document / Scanned Screenshots
SS-0045,BLAKE2026_Page_1667.pdf,BLAKE2026_Page_1667.pdf,.pdf,33376199,1 pages,2026-08-06T23:18:03.792680,2026-08-06T23:18:03.828432,de797f9d8bbd7b28883dc56c8ad0bb9c8e0edbe5d3cee433332dc0117b9668ae,Readable (Digital Text + Embedded Images),iMessage / Apple Messages Export Page,PDF Source Document / Scanned Screenshots
SS-0046,BLAKE2026_Page_1671.pdf,BLAKE2026_Page_1671.pdf,.pdf,33376549,1 pages,2026-08-06T23:18:04.068178,2026-08-06T23:18:04.088739,a04a0dcab7f647e8ce7725b90d7cb2d8ee02b7a083224dc42dd107b99c1535c8,Readable (Digital Text + Embedded Images),iMessage / Apple Messages Export Page,PDF Source Document / Scanned Screenshots
SS-0047,BLAKE2026_Page_1782.pdf,BLAKE2026_Page_1782.pdf,.pdf,33375895,1 pages,2026-08-06T23:18:04.274310,2026-08-06T23:18:04.307079,f963ab2ee75ed8b7629c2df7ec13cc74126237f18930aa9532ae91cda036b481,Readable (Digital Text + Embedded Images),iMessage / Apple Messages Export Page,PDF Source Document / Scanned Screenshots
SS-0048,BLAKE2026_Page_1800.pdf,BLAKE2026_Page_1800.pdf,.pdf,33377038,1 pages,2026-08-06T23:18:04.514293,2026-08-06T23:18:04.537182,3a5f3e673a0c93e6ec57ff78576cff1095846dd059ee455308802c660a3f14f3,Readable (Digital Text + Embedded Images),iMessage / Apple Messages Export Page,PDF Source Document / Scanned Screenshots
SS-0049,BLAKE2026_Page_1813.pdf,BLAKE2026_Page_1813.pdf,.pdf,33376574,1 pages,2026-08-06T23:18:04.861998,2026-08-06T23:18:04.938322,241d38e453fe169d8d1b013503f1f40e09bf9e1e8008b7ae59950b3f9aaeb6d9,Readable (Digital Text + Embedded Images),iMessage / Apple Messages Export Page,PDF Source Document / Scanned Screenshots
SS-0050,BLAKE2026_Page_1814.pdf,BLAKE2026_Page_1814.pdf,.pdf,33377112,1 pages,2026-08-06T23:18:05.229632,2026-08-06T23:18:05.253507,c443c1ae68650d1cdf9c3bd88bfeecd5e881690aa16083835aab1d98aeac3507,Readable (Digital Text + Embedded Images),iMessage / Apple Messages Export Page,PDF Source Document / Scanned Screenshots
SS-0051,bugbomb.jpg,bugbomb.jpg,.jpg,363623,1047x2560,2026-07-20T12:09:58.319157,2026-07-06T13:17:34,d460675885e3b0b68fc74c0e6c0626f04f93840e7d6c92460e6029893cdd6880,Readable (Requires OCR/Visual Inspection),iMessage / Apple Messages,Raw Screenshot Image
SS-0052,bugbomb2.jpg,bugbomb2.jpg,.jpg,320909,1047x2560,2026-07-20T12:09:57.923999,2026-07-06T13:17:42,731d14597d4740cdb690e9244a4a0b5c54ede947eaf3fdc3f49b80a0bda63c0d,Readable (Requires OCR/Visual Inspection),iMessage / Apple Messages,Raw Screenshot Image
SS-0053,bugbomb3.jpg,bugbomb3.jpg,.jpg,72104,266x1280,2026-07-20T12:09:57.635872,2026-07-06T13:18:05,a7fdf839e246f8109d90fd9e8111794d52013e6cc73f27a63cf61eaab5a97038,Readable (Requires OCR/Visual Inspection),iMessage / Apple Messages,Raw Screenshot Image
SS-0054,bugbomb4.jpg,bugbomb4.jpg,.jpg,99194,590x1280,2026-07-20T12:09:57.172438,2026-07-06T13:18:30,1cd6ef6142381872b6c99f5eb99738e44526f9e010d9ace1885b24163edd631d,Readable (Requires OCR/Visual Inspection),iMessage / Apple Messages,Raw Screenshot Image
SS-0055,CAR_DEAL_EVIDENCE_ALL_SOURCE_PAGES.pdf,CAR_DEAL_EVIDENCE_ALL_SOURCE_PAGES.pdf,.pdf,1469960557,44 pages,2026-08-06T23:18:05.348460,2026-08-06T23:18:10.431815,ba5c80e118cb0a97acbe1a14888f0f6e8d5784953ab6219d0fc6c8cdc61283c0,Readable (Digital Text + Embedded Images),Scanned Documents & iMessage Screenshots,PDF Source Document / Scanned Screenshots
SS-0056,Complete_Emails_Since_Reporting_and_Last_Contact.pdf,Complete_Emails_Since_Reporting_and_Last_Contact.pdf,.pdf,2427575,42 pages,2026-08-06T11:41:19.378071,2026-08-06T12:36:26.910534,10d8d11c4476e4699c4a8b0091767c9c7887d6e7a612923043b43a255531c31a,Readable (Digital Text + Embedded Images),Google Account Security / Activity,PDF Source Document / Scanned Screenshots
SS-0057,CompromisedEmailSearchHistory.png,CompromisedEmailSearchHistory.png,.png,350998,1915x1039,2026-08-01T14:02:48.161716,2026-08-01T14:02:48.312011,ff727cf063df243f6f8d874481c5163d03926b0c851cb8c4b892700252b5f72a,Readable (Requires OCR/Visual Inspection),Google Chrome / Google Account Search History,Raw Screenshot Image
SS-0058,desktop.ini,desktop.ini,.ini,196,N/A,2026-08-06T23:40:50.326976,2026-08-06T23:40:50.541151,b3b812023c35c406ef516035e3badbf2578217e7901965520a1456c12a31a753,System File,Windows Shell,System Metadata
SS-0059,DET1.jpg,DET1.jpg,.jpg,108608,590x1280,2026-07-20T12:10:11.570579,2026-07-06T12:42:43,39db55f95ce2aa3004c03fa106a793ad1b973bb044959b1717f50e12af93e782,Readable (Requires OCR/Visual Inspection),iMessage / Apple Messages,Raw Screenshot Image
SS-0060,DeviceAccessGoogle.png,DeviceAccessGoogle.png,.png,182018,1919x1079,2026-08-01T14:31:19.510708,2026-08-01T14:31:19.671801,a1beab90702b788571043e4cd9f25aaffd7ee61c028d4b886f39df26b876c338,Readable (Requires OCR/Visual Inspection),Google Account Manage Devices,Raw Screenshot Image
SS-0061,claimed_deletion_vs_later_possession.csv,digital-control-scan\claimed_deletion_vs_later_possession.csv,.csv,1947,N/A,2026-05-27T22:49:07.900664,2026-05-27T22:49:07.900664,851e7854ff6ec90c1ea0ca06b03626a1b85dbda0b46ba606f763ac171bf4d9ed,Readable (Plaintext / Tabular),Prior Automated Evidence Analysis,Prior Structured Analysis / Report
SS-0062,digital_control_clean_report.md,digital-control-scan\digital_control_clean_report.md,.md,19037,N/A,2026-05-27T22:49:07.951929,2026-05-27T22:49:07.951929,4ed5c1c0e3bf389ed7e32bffa3c35dc1b491dc12153ac10024e1f329fd7b94b3,Readable (Plaintext / Tabular),Prior Automated Evidence Analysis,Prior Structured Analysis / Report
SS-0063,digital_control_count_sheet.csv,digital-control-scan\digital_control_count_sheet.csv,.csv,1696,N/A,2026-05-27T22:49:07.898105,2026-05-27T22:49:07.899630,93ef469565ea892a2ff7d9995410fa28a46ff00ef239ca14403f86e066ef26bd,Readable (Plaintext / Tabular),Prior Automated Evidence Analysis,Prior Structured Analysis / Report
SS-0064,digital_control_master_index.csv,digital-control-scan\digital_control_master_index.csv,.csv,6199,N/A,2026-05-27T22:49:07.895538,2026-05-27T22:49:07.897063,e7d71a0288b1121538c78862d12248145fbc61cba8297d0bf6acb2c7dc0a0699,Readable (Plaintext / Tabular),Prior Automated Evidence Analysis,Prior Structured Analysis / Report
SS-0065,false_closure_relitigation.csv,digital-control-scan\false_closure_relitigation.csv,.csv,982,N/A,2026-05-27T22:49:07.950413,2026-05-27T22:49:07.950413,3f266a3a24957541cda2445d5f235fa22475b49a901f25dbc534937bbfc16f80,Readable (Plaintext / Tabular),Prior Automated Evidence Analysis,Prior Structured Analysis / Report
SS-0066,screenshot_deletion_pressure.csv,digital-control-scan\screenshot_deletion_pressure.csv,.csv,1416,N/A,2026-05-27T22:49:07.903190,2026-05-27T22:49:07.947675,64cbe037e95d5f561493ffe5a4fc8e39f537df5d75b78ea174911dff833eac23,Readable (Plaintext / Tabular),Prior Automated Evidence Analysis,Prior Structured Analysis / Report
SS-0067,everyrighttolookfamilycourtwatch.pdf,everyrighttolookfamilycourtwatch.pdf,.pdf,97228,6 pages,2026-07-20T12:10:11.843956,2026-07-06T12:42:43,e944e4ae3631dc76b8ad641486f5be0a6350e47671b6fd8e31909e134273da0a,Readable (Digital Text + Embedded Images),Gmail / Authenticated Email PDF,PDF Source Document / Scanned Screenshots
SS-0068,EX01_2026-05-24_google_photos_album_printed_texts.pdf,EX01_2026-05-24_google_photos_album_printed_texts.pdf,.pdf,104028,11 pages,2026-07-20T12:10:12.173293,2026-07-06T12:42:43,c270f1f97efb6cabd6016769dcba9d21ef20cf813ff748c4c9c941a2b638a193,Readable (Digital Text + Embedded Images),Gmail / Authenticated Email PDF,PDF Source Document / Scanned Screenshots
SS-0069,EX01_2026-05-24_google_photos_album_printed_texts_original_message.pdf,EX01_2026-05-24_google_photos_album_printed_texts_original_message.pdf,.pdf,104028,11 pages,2026-07-20T12:10:12.615208,2026-07-06T12:42:43,c270f1f97efb6cabd6016769dcba9d21ef20cf813ff748c4c9c941a2b638a193,Readable (Digital Text + Embedded Images),Gmail / Authenticated Email PDF,PDF Source Document / Scanned Screenshots
SS-0070,EX02_2026-05-24_naked_google_photos_printout_parents_p1827.png,EX02_2026-05-24_naked_google_photos_printout_parents_p1827.png,.png,107530,612x792,2026-07-20T12:10:14.534722,2026-07-06T12:21:42,181dd7f35a544d0cd533d2925ee7877f20948e415847e21e0ed3cf27a98e9918,Readable (Requires OCR/Visual Inspection),iMessage / Apple Messages printout,Raw Screenshot Image
SS-0071,EX02_2026-05-24_naked_google_photos_printout_parents_p1828.png,EX02_2026-05-24_naked_google_photos_printout_parents_p1828.png,.png,90883,612x792,2026-07-20T12:10:14.834975,2026-07-06T12:21:42,943ab6c9ca4a4013d77c43233e9509cc4b8696d2a90839fb91c277b2ede7f03f,Readable (Requires OCR/Visual Inspection),iMessage / Apple Messages printout,Raw Screenshot Image
SS-0072,EX03_child_google_drive_private_photos_scroll_boobs_question.jpeg,EX03_child_google_drive_private_photos_scroll_boobs_question.jpeg,.jpeg,372391,942x2048,2026-07-20T12:10:12.688903,2026-07-06T12:42:43,b513a97cc6db61fd46a79f0614eac9961776239b4dcd9256fcb53d7ce0a0e8fd,Readable (Requires OCR/Visual Inspection),iMessage / Apple Messages,Raw Screenshot Image
SS-0073,EX04_2026-05-18_cps_unload_entire_folder.pdf,EX04_2026-05-18_cps_unload_entire_folder.pdf,.pdf,33366187,3 pages,2026-07-20T12:10:10.784820,2026-07-06T12:59:40,3d5f25807c1be74cbfc24695040998d962272c8c0e7fa0260d5c6a4c7b46814e,Readable (Digital Text + Embedded Images),iMessage / Apple Messages,PDF Source Document / Scanned Screenshots
SS-0074,EX04_child_attached_prison_threat_money_meeting.jpeg,EX04_child_attached_prison_threat_money_meeting.jpeg,.jpeg,108608,590x1280,2026-07-20T12:10:13.019559,2026-07-06T12:42:43,39db55f95ce2aa3004c03fa106a793ad1b973bb044959b1717f50e12af93e782,Readable (Requires OCR/Visual Inspection),iMessage / Apple Messages,Raw Screenshot Image
SS-0075,EX06_2026-01-05_google_photos_downloaded_link.pdf,EX06_2026-01-05_google_photos_downloaded_link.pdf,.pdf,33362959,2 pages,2026-07-20T12:10:02.186219,2026-07-06T13:06:28,968ec189ae1fb19b3dce6861740f49fd3b5aee184eb1345c7406fca7b2160384,Readable (Digital Text + Embedded Images),iMessage / Apple Messages PDF,PDF Source Document / Scanned Screenshots
SS-0076,EX08_2026-04-26_google_account_line_by_line.pdf,EX08_2026-04-26_google_account_line_by_line.pdf,.pdf,33361178,2 pages,2026-07-20T12:10:06.533067,2026-07-06T13:05:47,9e79e4e9c70bb68349b63262b43615d09ba5c13d1b21f49a96936644f5ada66d,Readable (Digital Text + Embedded Images),iMessage / Apple Messages PDF,PDF Source Document / Scanned Screenshots
SS-0077,EX11_2026-05-24_right_to_look_family_court_watch_first.pdf,EX11_2026-05-24_right_to_look_family_court_watch_first.pdf,.pdf,97228,6 pages,2026-07-20T12:10:13.326636,2026-07-06T12:42:43,e944e4ae3631dc76b8ad641486f5be0a6350e47671b6fd8e31909e134273da0a,Readable (Digital Text + Embedded Images),Gmail / Authenticated Email PDF,PDF Source Document / Scanned Screenshots
SS-0078,EX12_2026_child_google_drive_private_photos_2ED63267.jpeg,EX12_2026_child_google_drive_private_photos_2ED63267.jpeg,.jpeg,372391,942x2048,2026-07-20T12:10:13.599067,2026-07-06T12:42:43,b513a97cc6db61fd46a79f0614eac9961776239b4dcd9256fcb53d7ce0a0e8fd,Readable (Requires OCR/Visual Inspection),iMessage / Apple Messages,Raw Screenshot Image
SS-0079,Focused_Harassment_Charge_Packet_Complete.pdf,Focused_Harassment_Charge_Packet_Complete.pdf,.pdf,1687167,30 pages,2026-05-26T01:55:53.719008,2026-05-26T01:55:54.167285,f726b0bb8ec8a585ba824dcd0f1f918611abd06cca488f8402aecde40248a24e,Readable (Digital Text + Embedded Images),Police Harassment Packet (Emails & Texts),PDF Source Document / Scanned Screenshots
SS-0080,administrative_sabotage.csv,functional-destabilization-expanded-scan\administrative_sabotage.csv,.csv,849,N/A,2026-05-27T22:50:41.596965,2026-05-27T22:50:41.596965,cb7d31c9eefc048c1c1eee6c4764484dee7107b731159f2184fef359ba99a115,Readable (Plaintext / Tabular),Prior Automated Evidence Analysis,Prior Structured Analysis / Report
SS-0081,apology_gift_threat_cycle.csv,functional-destabilization-expanded-scan\apology_gift_threat_cycle.csv,.csv,578,N/A,2026-05-27T22:50:41.594174,2026-05-27T22:50:41.595691,dbeef388695727ed2d9d7d6941294a5e5220d0fd3d0c306fda9cb6ce9ba9abd6,Readable (Plaintext / Tabular),Prior Automated Evidence Analysis,Prior Structured Analysis / Report
SS-0082,child_access_emotional_leverage.csv,functional-destabilization-expanded-scan\child_access_emotional_leverage.csv,.csv,792,N/A,2026-05-27T22:50:41.588108,2026-05-27T22:50:41.588108,f57c1b1874d14efa62d04a953e79bf5bbc47b74489407d775f36fdaf0b656954,Readable (Plaintext / Tabular),Prior Automated Evidence Analysis,Prior Structured Analysis / Report
SS-0083,compliance_punished.csv,functional-destabilization-expanded-scan\compliance_punished.csv,.csv,1747,N/A,2026-05-27T22:50:41.570959,2026-05-27T22:50:41.572474,35243b602f3d756d19c2d4662d80788267a96afdada15af0921b50352969fcd7,Readable (Plaintext / Tabular),Prior Automated Evidence Analysis,Prior Structured Analysis / Report
SS-0084,dependency_creation_punishment.csv,functional-destabilization-expanded-scan\dependency_creation_punishment.csv,.csv,925,N/A,2026-05-27T22:50:41.581807,2026-05-27T22:50:41.583552,3a95834a13d275b16eca63b182d01feddd4e4ad0e30907c55e03f21d7074d16d,Readable (Plaintext / Tabular),Prior Automated Evidence Analysis,Prior Structured Analysis / Report
SS-0085,evidence_resistant_reality_reversal.csv,functional-destabilization-expanded-scan\evidence_resistant_reality_reversal.csv,.csv,989,N/A,2026-05-27T22:50:41.585070,2026-05-27T22:50:41.585070,94a3cefabcff91ab35574b417a2b553e86cded6b29031f4cc7bbd92c0b507d40,Readable (Plaintext / Tabular),Prior Automated Evidence Analysis,Prior Structured Analysis / Report
SS-0086,forced_defense_loop.csv,functional-destabilization-expanded-scan\forced_defense_loop.csv,.csv,997,N/A,2026-05-27T22:50:41.575322,2026-05-27T22:50:41.575831,28555849cf013ace9f6a7c27d279bd891e99ff1b4a96e1334e19965ae5d155c3,Readable (Plaintext / Tabular),Prior Automated Evidence Analysis,Prior Structured Analysis / Report
SS-0087,functional_destabilization_expanded_report.md,functional-destabilization-expanded-scan\functional_destabilization_expanded_report.md,.md,11920,N/A,2026-05-27T22:50:41.598481,2026-05-27T22:50:41.598481,9512e92a74e8b61c8f534821902785a3eef869c97e2f30f2e1c7832009d02d54,Readable (Plaintext / Tabular),Prior Automated Evidence Analysis,Prior Structured Analysis / Report
SS-0088,immediate_response_demands.csv,functional-destabilization-expanded-scan\immediate_response_demands.csv,.csv,879,N/A,2026-05-27T22:50:41.579366,2026-05-27T22:50:41.579927,af6690e5b1b5af8fc1c273ea2d507743d910b1a05262923546cb3cc593f41545,Readable (Plaintext / Tabular),Prior Automated Evidence Analysis,Prior Structured Analysis / Report
SS-0089,in_person_intrusion_showing_up.csv,functional-destabilization-expanded-scan\in_person_intrusion_showing_up.csv,.csv,842,N/A,2026-05-27T22:50:41.589625,2026-05-27T22:50:41.589625,392d7df62f2558d0d41a85e9550d04e72a9e3ea3e21c3993a284d780ddd9b4d6,Readable (Plaintext / Tabular),Prior Automated Evidence Analysis,Prior Structured Analysis / Report
SS-0090,moral_debt_ledger.csv,functional-destabilization-expanded-scan\moral_debt_ledger.csv,.csv,476,N/A,2026-05-27T22:50:41.591139,2026-05-27T22:50:41.591139,ef39cb21e7b83b218408bd4e2dca3ece86b9f0f2dbcf5927f74a8e2c31ae62bd,Readable (Plaintext / Tabular),Prior Automated Evidence Analysis,Prior Structured Analysis / Report
SS-0091,moving_goalposts.csv,functional-destabilization-expanded-scan\moving_goalposts.csv,.csv,1011,N/A,2026-05-27T22:50:41.572474,2026-05-27T22:50:41.572474,a08f57ba94a456a218ad6c10a791d54fc590a5b9ce160b02142da3f384a2b42e,Readable (Plaintext / Tabular),Prior Automated Evidence Analysis,Prior Structured Analysis / Report
SS-0092,no_recovery_window.csv,functional-destabilization-expanded-scan\no_recovery_window.csv,.csv,728,N/A,2026-05-27T22:50:41.580791,2026-05-27T22:50:41.581295,fc76d8c0b0e1bd7e19c7a049807450d4d64c7a47d15ebbeb8280e03ab7d47424,Readable (Plaintext / Tabular),Prior Automated Evidence Analysis,Prior Structured Analysis / Report
SS-0093,secrecy_reputation_protection.csv,functional-destabilization-expanded-scan\secrecy_reputation_protection.csv,.csv,1023,N/A,2026-05-27T22:50:41.586589,2026-05-27T22:50:41.586589,2c67de1518366a9690c61db5345ec9b735eca80a4d65e3605d13fd455ef2d151,Readable (Plaintext / Tabular),Prior Automated Evidence Analysis,Prior Structured Analysis / Report
SS-0094,threat_stacking.csv,functional-destabilization-expanded-scan\threat_stacking.csv,.csv,1102,N/A,2026-05-27T22:50:41.577349,2026-05-27T22:50:41.577854,48b351f690aa8c6349da63450e58b6285da1258dcca8ff18d43db5fc925bf04f,Readable (Plaintext / Tabular),Prior Automated Evidence Analysis,Prior Structured Analysis / Report
SS-0095,topic_flooding.csv,functional-destabilization-expanded-scan\topic_flooding.csv,.csv,708,N/A,2026-05-27T22:50:41.592659,2026-05-27T22:50:41.594174,0c3e50a5ed985c3e1cfef53dedd8d1f45896370a2182a4c1c7096487643ff628,Readable (Plaintext / Tabular),Prior Automated Evidence Analysis,Prior Structured Analysis / Report
SS-0096,imgoingtosendyourentiregoogledrive.pdf,imgoingtosendyourentiregoogledrive.pdf,.pdf,104028,11 pages,2026-07-20T12:10:13.863709,2026-07-06T12:42:43,c270f1f97efb6cabd6016769dcba9d21ef20cf813ff748c4c9c941a2b638a193,Readable (Digital Text + Embedded Images),Gmail / Authenticated Email PDF,PDF Source Document / Scanned Screenshots
SS-0097,JACKDRIVE.jpeg,JACKDRIVE.jpeg,.jpeg,372391,942x2048,2026-07-20T12:10:14.169523,2026-07-06T12:42:43,b513a97cc6db61fd46a79f0614eac9961776239b4dcd9256fcb53d7ce0a0e8fd,Readable (Requires OCR/Visual Inspection),iMessage / Apple Messages,Raw Screenshot Image
SS-0098,LeaaseNonanswertoCarAccountRequest.pdf,LeaaseNonanswertoCarAccountRequest.pdf,.pdf,986604,4 pages,2026-08-06T21:04:57.364768,2026-08-06T21:04:59.730432,39649e91fdcb58ead38e5b90856f4c78d4b0f750c2303ccf63f5c13b453142a1,Readable (Digital Text + Embedded Images),iMessage / Apple Messages Scanned PDF,PDF Source Document / Scanned Screenshots
SS-0099,Notauthorized.pdf,Notauthorized.pdf,.pdf,320771,1 pages,2026-08-06T21:01:31.666975,2026-08-06T21:01:32.850619,9ae4d9eeb85f6642aceb96de37c6629fd0fb3dfc15e2fa6ddc3a90a828a6bcb1,Readable (Digital Text + Embedded Images),iMessage / Apple Messages Scanned PDF,PDF Source Document / Scanned Screenshots
SS-0100,NotificationofNotAuthorizedandResponse.png,NotificationofNotAuthorizedandResponse.png,.png,1054808,1917x1079,2026-08-01T15:03:44.369558,2026-08-01T15:03:44.550645,d48c0ea54084dfc2b8cbce14e03e912f516294bfc52f2da48eb04990df91c46c,Readable (Requires OCR/Visual Inspection),iMessage / Apple Messages,Raw Screenshot Image
SS-0101,Oops_towthreats.pdf,Oops_towthreats.pdf,.pdf,621497,3 pages,2026-08-06T21:09:52.596334,2026-08-06T21:09:54.099416,63e948f46457033901234529814b19643320de8ed96a3e2dabb5387d74c1b4ec,Readable (Digital Text + Embedded Images),iMessage / Apple Messages Scanned PDF,PDF Source Document / Scanned Screenshots
SS-0102,requesttocease_unrelated accusations.pdf,requesttocease_unrelated accusations.pdf,.pdf,883883,4 pages,2026-07-29T13:29:49.010277,2026-07-29T13:29:51.045762,e6a4c0696f42525e2ad926e61de038371ff6173cf036de796445e7f86261dba3,Readable (Digital Text + Embedded Images),iMessage / Apple Messages Scanned PDF,PDF Source Document / Scanned Screenshots
SS-0103,ResponsetoNotAuthorized.pdf,ResponsetoNotAuthorized.pdf,.pdf,269893,1 pages,2026-08-06T21:01:20.883321,2026-08-06T21:01:22.072397,2eb6c76702f42b03d4ca020bd7ef20ed8ad3cc64ec3b2d7083619dad67396fb8,Readable (Digital Text + Embedded Images),iMessage / Apple Messages Scanned PDF,PDF Source Document / Scanned Screenshots
SS-0104,Screenshot 2026-08-01 124617.png,Screenshot 2026-08-01 124617.png,.png,50846,730x824,2026-08-01T12:46:17.200638,2026-08-01T12:46:17.338229,12805ca21c09a3d3e7722255cb0aba721e1330afc4345fb8b9c774ee8ee17b3d,Readable (Requires OCR/Visual Inspection),Desktop Screenshot / File Browser / Media,Raw Screenshot Image
SS-0105,security.png,security.png,.png,189451,1919x1071,2026-08-01T14:08:09.565452,2026-08-01T14:08:09.726345,0623d7cff9664b6ab139091fb8a4018364b811abec66e9cf0aedc03b548d9be0,Readable (Requires OCR/Visual Inspection),Google Account Security Settings / Recent Activity,Raw Screenshot Image
SS-0106,security3.png,security3.png,.png,100635,1919x1021,2026-08-01T14:10:20.792225,2026-08-01T14:10:20.938550,72c864355c7f814786d35a371f3b350966eb62f05deb7be73be675fad5f52209,Readable (Requires OCR/Visual Inspection),Google Account Security Settings / Recent Activity,Raw Screenshot Image
SS-0107,securitytwo.png,securitytwo.png,.png,151893,1912x992,2026-08-01T14:08:16.353731,2026-08-01T14:08:16.492816,8512fde4724390b5d3327309c2f6343f0786d86d4bbdadaf5d39633012aada68,Readable (Requires OCR/Visual Inspection),Google Account Security Settings / Recent Activity,Raw Screenshot Image
