Evidence ID,Date,Time,Speaker,Exact Quote,Category,Source Screenshot,Message ID,Immediate Context,Potential Significance,Fact vs Inference,Confidence
EVD-001,2026-05-24,1:28 PM,Blake Harris,the next one that I see you send her I’m going to send your entire Google Photos album printed every text message everything I already have it all done,PRIVATE MATERIAL / EXPOSURE THREATS,imgoingtosendyourentiregoogledrive.pdf; EX01_2026-05-24_google_photos_album_printed_texts.pdf,MSG-000035,Email to Jayme demanding she cease messaging her mother and warning of immediate mass publication of private photos and messages.,Direct extortion/coercion threat to disseminate private digital photo album and text history to family members.,FACT: Blake explicitly states he has printed her entire Google Photos album and every text message and will send them. INFERENCE: Demonstrates retaliatory information weaponization to isolate Jayme from familial support.,CRITICAL / High
EVD-002,2026-05-24,2:31 AM,Blake Harris,"If I have to drive to your parents, sell myself leave them print out of everything that you've done I will because they just seem to be a good little girl",PRIVATE MATERIAL / EXPOSURE THREATS,EX02_2026-05-24_naked_google_photos_printout_parents_p1828.png,MSG-000033,Early-morning message barrage following inspection of Google Photos.,Threatening physical travel to parents’ residence to deliver printouts of private sexual and personal material.,FACT: Blake threatens in-person delivery of private printouts to her parents. INFERENCE: Strategic effort to destroy personal reputation and family relationships.,CRITICAL / High
EVD-003,2026-05-24,3:10 PM,Blake Harris,"I have every right to look through those pictures and say whatever I want and because without them, I’d probably be dead... you wanna try to take me to Family court? We guess what we’re gonna watch first",PRIVATE MATERIAL / LEGAL THREATS / CHILD ACCESS,everyrighttolookfamilycourtwatch.pdf; EX11_2026-05-24_right_to_look_family_court_watch_first.pdf,MSG-000036,Blake justifying looking through private photographs and threatening their presentation in custody litigation.,Explicit threat to exhibit private intimate media in Family Court custody proceedings to intimidate recipient out of pursuing legal custody.,FACT: Blake claims an unqualified right to search private pictures and threatens to play them first in Family Court. INFERENCE: Attempt to leverage fear of courtroom humiliation to deter Jayme from asserting legal parental rights.,CRITICAL / High
EVD-004,2026-05-18,9:53 PM,Blake Harris,"and I swear to God if you call CPS, I will unload the entire folder that I have for you making up some bullshit about not being able to get a hold of",AUTHORITIES / LEGAL THREATS / PRIVATE MATERIAL,EX04_2026-05-18_cps_unload_entire_folder.pdf,MSG-000027,Preempting reporting to protective services.,"Conditioning non-reporting of child welfare concerns on threat of retaliatory mass disclosure of compiled ""folder"".",FACT: Blake explicitly conditions releasing a compiled folder on Jayme contacting Child Protective Services. INFERENCE: Witness tampering and obstruction of mandated/protective reporting.,CRITICAL / High
EVD-005,DATE_UNRESOLVED,8:47 AM,Blake Harris,He seen all of your pictures on your Google Drive. He was literally scrolling through them. Why is mommy showing her boobs? Who did she send these to? I thought they were just for you daddy why does she have her fingers when she goes potty,CHILD / ACCESS / PRIVATE MATERIAL,EX03_child_google_drive_private_photos_scroll_boobs_question.jpeg; JACKDRIVE.jpeg; EX12_2026_child_google_drive_private_photos_2ED63267.jpeg,MSG-000021,Blake confronting Jayme about digital drive contents.,Using young child to convey graphic sexual accusations and shaming recipient over private images in her Google Drive.,FACT: Blake states that the child viewed intimate photos in Jayme’s Google Drive and quotes explicit sexualized remarks attributed to the child. INFERENCE: Weaponization of child and drive access to inflict psychological trauma and fabricate maternal unfitness.,CRITICAL / High
EVD-006,2026-05-18,9:53 PM,Blake Harris,I can go through all of your shit again and I can find one after another after another don’t think I still don’t have access because it’s all a lot,PHONE / DEVICES / DIGITAL ACCESS / ADMISSIONS,EX04_2026-05-18_cps_unload_entire_folder.pdf,MSG-000027,Blake threatening continuous surveillance.,Explicit affirmative admission of ongoing unauthorized access to Jayme’s personal accounts and digital files.,"FACT: Blake explicitly admits he still has access and can go through her digital accounts repeatedly. INFERENCE: Establishes pervasive, intentional digital intrusion and unauthorized access.",CRITICAL / High
EVD-007,2026-06-21,11:49 AM,Blake Harris,"If you never created them, then there wouldn't be pictures of them in Google Drive with my name on them",PHONE / DEVICES / DIGITAL ACCESS / ADMISSIONS,41messegeaccusationsthreats.pdf,MSG-000045,Email argument over Bluevine account creation.,Corroborating admission that Blake was actively browsing and inspecting images inside Jayme’s Google Drive.,FACT: Blake asserts specific knowledge of files in Google Drive. INFERENCE: Corroborates Jayme’s repeated assertions that her Google storage was actively accessed without authorization.,CRITICAL / High
EVD-008,2026-07-30,10:33 PM,Google System Alert / Security Takeout,"Archive of Google data requested: 3 products · Maps, Maps (your places), Timeline. URL: takeout.google.com/.../archive/b1e08d32-6e83-4843-a74e-905bfaba68f8",LOCATION / SURVEILLANCE / DIGITAL ACCESS,security3.png; securitytwo.png,MSG-000066,Forensic security alert captured in browser session.,Physical documentary proof that an unauthorized intruder requested an archive specifically targeting Jayme’s location history and places.,"FACT: Google logs establish a data archive was initiated on July 30 at 10:33 PM for Maps, Saved Places, and Timeline. INFERENCE: Direct attempt at digital stalking and movement surveillance.",CRITICAL / High
EVD-009,2026-07-30,10:19 PM,Google System Activity Log,Used Maps. 3750 E Palm Valley Blvd. 10:19 PM. Details.,LOCATION / SURVEILLANCE / DIGITAL ACCESS,act.png; actactivityuna.png,MSG-000065,Forensic Google My Activity log during unauthorized session.,Proves intruder utilized compromised Google Maps account to search specific Round Rock address.,FACT: The compromised account searched 3750 E Palm Valley Blvd at 10:19 PM. INFERENCE: Intruder was tracking or investigating physical locations associated with Jayme or third parties.,CRITICAL / High
EVD-010,2026-07-31,12:15 AM,Jayme Volstad,"You are not authorized to access, reset, recover, export, or change information on any of my accounts. I am receiving repeated security alerts for Mac sign-ins from Houston and data-export requests I did not authorize. Stop immediately. I am preserving these alerts. Do not contact me except in writing about necessary matters involving Jack.",CONTACT / BOUNDARIES / DIGITAL ACCESS,NotificationofNotAuthorizedandResponse.png; Notauthorized.pdf; ResponsetoNotAuthorized.pdf,MSG-000068,Formal email notice to Blake following evening of security alerts.,Unambiguous formal revocation of consent and imposition of written-only communication boundary.,FACT: Jayme explicitly withdrew all access permissions and ordered contact limited strictly to writing concerning Jack. INFERENCE: Directly refutes any subsequent claim of implied permission or mutual contact.,CRITICAL / High
EVD-011,2026-07-31,5:00 AM,Blake Harris,Yes mam. Now the bigger question is. Are you lying like you always do... No one wants to see your pictures of meth pipes at your apt and meth in bags and half the city that well good night... Cuase ive already won. Sweet dreams.,CONTACT / BOUNDARIES / PRIVATE MATERIAL / COERCION,NotificationofNotAuthorizedandResponse.png; Notauthorized.pdf; ResponsetoNotAuthorized.pdf,MSG-000069,Blake replying to the revocation notice at 5:00 AM.,"Direct breach of contact boundary, mocking response, reiteration of possessing private photos, and declaration of triumph.","FACT: Blake responded within hours of the cease-and-desist, mocked the notice, made allegations of drug photos, and declared victory. INFERENCE: Demonstrates defiance of legal boundaries and ongoing retention of private pictures.",CRITICAL / High
EVD-012,DATE_UNRESOLVED,5:02 PM,Jayme Volstad,Rips open the door rips the phones out of my hand tells me to get out I'm sitting on the couch crying and he one by one rips the tab off of four bug bombs in my face then throws them in the house drags me outside no shoes none of my stuff and speeds off Mind you his kid was there The cats were inside,HOUSING / PROPERTY / PHYSICAL ASSAULT / CHILD ENDANGERMENT,bugbomb.jpg; bugbomb2.jpg; bugbomb3.jpg,MSG-000006,Real-time recounting of eviction raid to friend.,"Documented physical battery, weaponized pesticide deployment indoors in front of minor child, and immediate unlawful eviction.","FACT: Text contemporaneous log records Blake bursting into residence, seizing phone, deploying 4 pesticide foggers in victim's face, and physically dragging her outside barefoot with child present. INFERENCE: Constitutes domestic battery, chemical endangerment, and illegal self-help eviction.",CRITICAL / High
EVD-013,DATE_UNRESOLVED,7:41 PM,Jayme Volstad,"Im letting you know due to the fact that I'm still having problems breathing and the situation I am now in due to blakes actions I will be pressing charges against Blake... use of a pesticide inside of the home let alone directly in my face is assault, prohibited chemical weapons, tampering/public health as well as in the presence of a child and with animals inside the house as well. On top of that him taking the phone that was given to me back that he knows has my phone service on it and leaving me without service to contact anyone is theft.",PHYSICAL ASSAULT / PHONE / DEVICES / LEGAL THREATS,bugbomb4.jpg,MSG-000016,Formal notification sent to co-tenant Scarlett.,"Immediate formal notice of criminal intent, documented respiratory injury, and seizure of communication lifeline.","FACT: Contemporaneous message sent to Scarlett confirming respiratory symptoms, physical evidence (cans), and stolen phone. INFERENCE: Corroborates physical injury and severe vulnerability caused by device theft.",CRITICAL / High
EVD-014,DATE_UNRESOLVED,12:53 PM,Blake Harris,"FYI, I will have my son with me when I meet you to give this money to you so if you try to pull any bullshit, there's gonna be a charge with a child attached to it. He will literally be in my arms when I hand you the money and you know how they fuck with girls in prison that fuck with kids you will live a nightmare. Do not screw this up... if you cause more problems or for Jayme once you leave I will hunt you down",CHILD / ACCESS / COERCION / AUTHORITIES,DET1.jpg; EX04_child_attached_prison_threat_money_meeting.jpeg,MSG-000017,Meeting setup involving financial handover.,"Intentional premeditated plan to utilize minor child as human shield/legal lever to manufacture enhanced child endangerment charges against recipient, accompanied by prison threats and stalking threats.","FACT: Blake explicitly states he will hold his son in his arms during the exchange so that any dispute carries a ""charge with a child attached to it"", invokes prison rape consequences, and threatens to ""hunt you down"". INFERENCE: Premeditated weaponization of child custody and safety to extort compliance.",CRITICAL / High
EVD-015,2026-05-24,2:31 AM,Blake Harris,You can email me when you want to see Jack he's not coming over to your house until I see the inside of it and look through everything. I don't trust you I found so much more shit... Just die already.,CHILD / ACCESS / COERCION / CONDITIONS,EX02_2026-05-24_naked_google_photos_printout_parents_p1827.png,MSG-000032,Blake blocking Jayme’s phone line and setting unilateral terms for seeing Jack.,Conditioning maternal access to child upon mandatory physical search and inspection of Jayme’s private home.,FACT: Blake conditions Jack visiting Jayme upon his inspecting the inside of her home and looking through everything. INFERENCE: Unlawful extrajudicial custody withholding used as coercive leverage to violate residential privacy.,CRITICAL / High
EVD-016,2026-06-21,10:49 AM,Blake Harris,"Fortunately, for you, I can't come up there until Friday so you've got until Friday, but if they're not significant improvements by tomorrow or Tuesday whenever they're given to you I will send Jessy and Hill [he'll] just tow the car",TRANSPORTATION / COERCION / RETALIATION,41messegeaccusationsthreats.pdf,MSG-000041,Demands regarding software/website work.,Conditioning transportation access on rapid completion of unpaid technical work under threat of private repossession.,FACT: Blake threatens to dispatch a third party to tow the vehicle if work milestones are not met. INFERENCE: Weaponizing vehicle access to coerce labor.,HIGH / High
EVD-017,2026-06-21,9:46 PM,Blake Harris,FYI there is no insurance on the car. None... As well I need a copy of full coverage. If u refuse I'll have to get it towed,TRANSPORTATION / COERCION / RETALIATION,Oops_towthreats.pdf,MSG-000049,Post-dispute email escalation.,"Unilateral cancellation of auto insurance without warning, followed immediately by demanding proof of insurance or vehicle towing.",FACT: Blake informs Jayme there is no insurance on the car and then immediately states he will tow the car if she cannot show proof of full coverage. INFERENCE: Deliberate administrative sabotage engineered to create an immediate pretext for asset seizure.,CRITICAL / High
EVD-018,2026-06-30,6:07 PM,Jayme Volstad,"The agreed vehicle price was $6,500... Total vehicle payments and credits: $6,180. Remaining balance based on the agreed $6,500 price: $320... When I am able to pay the remaining documented vehicle balance, I will notify you in writing so that the payment and the properly signed title-transfer documents can be exchanged at the same time.",TRANSPORTATION / HOUSING / PROPERTY / CONTRADICTIONS,LeaaseNonanswertoCarAccountRequest.pdf,MSG-000053,Formal written accounting sent to Blake.,"Documentary proof of 95% vehicle payment ($6,180 paid) and dispute over Blake’s retroactive reclassification of payments.","FACT: Detailed ledger lists Zelle transfers, Mazda credit, and Sling funds totaling $6,180 toward $6,500 agreed price. INFERENCE: Blake’s claims that Jayme ""stole"" the car or ""never made a payment"" are direct material misrepresentations.",HIGH / High
EVD-019,2026-06-21,1:54 PM,Blake Harris,I use the wrong card so rent didn't go through. Looks like you'll have to take care of it after all... And it's not leverage it's just that I'm not paying shit anymore not after the way I'm treated like just scum.,HOUSING / PROPERTY / COERCION / RETALIATION,Oops_towthreats.pdf,MSG-000046,Revoking shelter rent commitment within hours of dispute.,Sudden cancellation of promised housing payment as punishment for setting emotional/conversational boundaries.,"FACT: Blake initially claims accidental card error, then admits 2 hours later he is intentionally withholding payment due to how he feels treated. INFERENCE: Pattern of using basic shelter security as retaliatory leverage.",CRITICAL / High
EVD-020,2026-05-19,2:31 AM,Blake Harris,The thing is I’ve been up in the hide you can look through everything in my I don’t care cause the only thing I have well I don’t have them anymore. It’s just pictures of you and I’m so mad that they’re all gone everything,ADMISSIONS / CONTRADICTIONS / PRIVATE MATERIAL,BLAKE2026_Page_1800.pdf,MSG-000028,Late night message claiming pictures were deleted.,"Direct contradiction: Blake claims pictures are ""all gone"", but 5 days later (May 24) threatens to print and distribute her entire Google Photos album.",FACT: On May 19 Blake claims the pictures are all gone. On May 24 he threatens to deliver printouts to her parents and mail the entire album. INFERENCE: Material falsehood designed to create false closure while retaining coercive material.,CRITICAL / High
EVD-021,2026-05-24,3:10 PM,Blake Harris,saw your motorcycle boy last night. You never knew that I’ve been on that guy for seven years crazy just can’t be trusted.,LOCATION / SURVEILLANCE / KNOWLEDGE,everyrighttolookfamilycourtwatch.pdf; EX11_2026-05-24_right_to_look_family_court_watch_first.pdf,MSG-000036,Email sent to Jayme demonstrating awareness of her associations.,Affirmative claim of physical or electronic surveillance demonstrating knowledge of Jayme’s movements/encounters.,"FACT: Blake explicitly tells Jayme he saw her association ""last night"" and has been monitoring him for seven years. INFERENCE: Communicates active surveillance to induce fear of omnipresent observation.",HIGH / High
