Message ID,Date,Time,Speaker,Recipient,Exact Text,Platform,Conversation,Source ID(s),Original Filename(s),OCR Confidence,Context Status
MSG-000001,DATE_UNRESOLVED,4:58 PM,Jayme Volstad,Friend (FaithlessDum),So we were paying 2 remys [rent] With bug bombs in the face four of them And gassed me out of the house,Telegram / Mobile Messaging,Bug Bomb Assault & Eviction Recount,SS-0051; SS-0053,bugbomb.jpg; bugbomb3.jpg,High (0.96),Active recounting of chemical weapon assault and domestic lockout shortly after occurrence.
MSG-000002,DATE_UNRESOLVED,4:58 PM,Friend (FaithlessDum),Jayme Volstad,Why,Telegram / Mobile Messaging,Bug Bomb Assault & Eviction Recount,SS-0051; SS-0053,bugbomb.jpg; bugbomb3.jpg,High (0.98),Friend inquiry into precipitating event.
MSG-000003,DATE_UNRESOLVED,5:00 PM,Jayme Volstad,Friend (FaithlessDum),"Because he decided last minute that he wouldn't guarantee me on the lease anymore that he would only do it for Scarlet, even though I already moved out here and everything and so I was talking to Scarlett and like literally crying like what the fuck am I gonna do she was like well what do you wanna do like we can figure something out on blah blah and me being who I am as a person I made a joke and was like honestly with the way that he walks around all the time trying to scare people into doing everything for him and giving him whatever he wants I think I should tell him to give me 10K or I'll fucking tell his apartment that he's using a fake ID to rent his apartment and she didn't take that as a joke and she didn't tell me that she texted him what I said, and he came and stormed the house completely unexpected",Telegram / Mobile Messaging,Bug Bomb Assault & Eviction Recount,SS-0051; SS-0053,bugbomb.jpg; bugbomb3.jpg,High (0.96),"Detailed explanation of lease withdrawal, third-party communication to Blake, and unexpected physical raid."
MSG-000004,DATE_UNRESOLVED,5:00 PM,Friend (FaithlessDum),Jayme Volstad,Jesus,Telegram / Mobile Messaging,Bug Bomb Assault & Eviction Recount,SS-0051; SS-0053,bugbomb.jpg; bugbomb3.jpg,High (0.86),Reaction.
MSG-000005,DATE_UNRESOLVED,5:01 PM,Friend (FaithlessDum),Jayme Volstad,So where's shit sit now,Telegram / Mobile Messaging,Bug Bomb Assault & Eviction Recount,SS-0051; SS-0053,bugbomb.jpg; bugbomb3.jpg,High (0.90),Friend inquiry into current status.
MSG-000006,DATE_UNRESOLVED,5:02 PM,Jayme Volstad,Friend (FaithlessDum),Rips open the door rips the phones out of my hand tells me to get out I'm sitting on the couch crying and he one by one rips the tab off of four bug bombs in my face then throws them in the house drags me outside no shoes none of my stuff and speeds off,Telegram / Mobile Messaging,Bug Bomb Assault & Eviction Recount,SS-0051; SS-0052; SS-0053,bugbomb.jpg; bugbomb2.jpg; bugbomb3.jpg,High (0.98),"Primary eyewitness account of physical dragging, chemical release directly in face, and property seizure."
MSG-000007,DATE_UNRESOLVED,5:02 PM,Jayme Volstad,Friend (FaithlessDum),Mind you his kid was there The cats were inside,Telegram / Mobile Messaging,Bug Bomb Assault & Eviction Recount,SS-0051; SS-0052; SS-0053,bugbomb.jpg; bugbomb2.jpg; bugbomb3.jpg,High (0.96),Corroboration that child (Jack) was physically present during the pesticide deployment.
MSG-000008,DATE_UNRESOLVED,5:02 PM,Friend (FaithlessDum),Jayme Volstad,Fukn crazzzy And scar?,Telegram / Mobile Messaging,Bug Bomb Assault & Eviction Recount,SS-0051; SS-0052; SS-0053,bugbomb.jpg; bugbomb2.jpg; bugbomb3.jpg,High (0.87),Friend inquiring about roommate/co-tenant Scarlett.
MSG-000009,DATE_UNRESOLVED,5:02 PM,Jayme Volstad,Friend (FaithlessDum),Then scarlet calls the cops because I'm on the porch crying calling kham to tell him to make her give me my stuff She called the fucking cops and locked me out of the house dude,Telegram / Mobile Messaging,Bug Bomb Assault & Eviction Recount,SS-0051; SS-0052; SS-0053,bugbomb.jpg; bugbomb2.jpg; bugbomb3.jpg,High (0.97),Lockout continuation and police dispatch involvement.
MSG-000010,DATE_UNRESOLVED,5:03 PM,Friend (FaithlessDum),Jayme Volstad,Wtf,Telegram / Mobile Messaging,Bug Bomb Assault & Eviction Recount,SS-0052; SS-0053,bugbomb2.jpg; bugbomb3.jpg,High (0.88),Reaction.
MSG-000011,DATE_UNRESOLVED,5:03 PM,Jayme Volstad,Friend (FaithlessDum),I got poisonous gas all over my face in my mouth It's 95 fucking degrees,Telegram / Mobile Messaging,Bug Bomb Assault & Eviction Recount,SS-0052; SS-0053,bugbomb2.jpg; bugbomb3.jpg,High (0.99),Physical and physiological injury description.
MSG-000012,DATE_UNRESOLVED,5:03 PM,Friend (FaithlessDum),Jayme Volstad,That'd be why she's left your group too...,Telegram / Mobile Messaging,Bug Bomb Assault & Eviction Recount,SS-0052; SS-0053,bugbomb2.jpg; bugbomb3.jpg,High (0.93),Third party observation.
MSG-000013,DATE_UNRESOLVED,5:03 PM,Friend (FaithlessDum),Jayme Volstad,When was this Today Where are you now,Telegram / Mobile Messaging,Bug Bomb Assault & Eviction Recount,SS-0052; SS-0053,bugbomb2.jpg; bugbomb3.jpg,High (0.95),Timeline verification.
MSG-000014,DATE_UNRESOLVED,5:04 PM,Jayme Volstad,Friend (FaithlessDum),Kham got me a hotel room but come morning Idfk the cops drove me here And I think it's a neighbor that called the cops protected those fucking assholes and didn't say what happened when he asked what's going on. I said nothing. I just see my stuff and get my stuff and that was all. I literally should've had his ass arrested like I can't believe she have all fucking people who called the cops.,Telegram / Mobile Messaging,Bug Bomb Assault & Eviction Recount,SS-0052; SS-0053,bugbomb2.jpg; bugbomb3.jpg,High (0.97),Confirmation of police transport to hotel and suppression of details during initial law enforcement encounter.
MSG-000015,DATE_UNRESOLVED,5:04 PM,Friend (FaithlessDum),Jayme Volstad,Least no one got stabbed... Ikr,Telegram / Mobile Messaging,Bug Bomb Assault & Eviction Recount,SS-0052; SS-0053,bugbomb2.jpg; bugbomb3.jpg,High (0.90),Conversation conclusion.
MSG-000016,DATE_UNRESOLVED,7:41 PM,Jayme Volstad,Scarlett (+1 713 355-9275),"Im letting you know due to the fact that I'm still having problems breathing and the situation I am now in due to blakes actions I will be pressing charges against Blake. I have pictures of the cans of the bug bombs you threw out of the house I need to seek medical treatment and the use of a pesticide inside of the home let alone directly in my face is assault, prohibited chemical weapons, tampering/public health as well as in the presence of a child and with animals inside the house as well. On top of that him taking the phone that was given to me back that he knows has my phone service on it and leaving me without service to contact anyone is theft. I thought you deserved a fair warning but I did you a favor not telling the cops what happened yesterday only to learn you were the one who called them and I'm still having severe breathing problems Ive contacted a criminal defense attorney and this is what I have been advised to do.",iMessage / Apple Messages,Formal Notice to Scarlett Regarding Bug Bomb Assault & Phone Theft,SS-0054,bugbomb4.jpg,High (0.98),"Contemporaneous written notice describing chemical assault injuries, device theft, child endangerment, and legal counsel instructions."
MSG-000017,DATE_UNRESOLVED,12:53 PM,Blake Harris (281-797-1396),Jayme Volstad / Third-Party Contact,"FYI, I will have my son with me when I meet you to give this money to you so if you try to pull any bullshit, there's gonna be a charge with a child attached to it. He will literally be in my arms when I hand you the money and you know how they fuck with girls in prison that fuck with kids you will live a nightmare. Do not screw this up. I appreciate the game that you got I'd be doing the same thing if I was in your position I used to do the same fucking bullshit you did I just need my life to chill the fuck out so you're gonna get what you want, but don't think if you cause more problems or for Jayme once you leave I will hunt you down and make sure you spend a long time bars. Do not test me. I am your only ticket out of here. I respect the fucking game in the bullshit so that's why I'm doing this because it's impressive. I don't know anybody that would go and be able to convince somebody like Jayme over and over again so good for you but I have to go to work and get shit done. I'm buying the ticket right now. I'm serious though do not play with me..",SMS / Mobile Messaging,Money Meeting / Child Human Shield & Prison Intimidation,SS-0059; SS-0074,DET1.jpg; EX04_child_attached_prison_threat_money_meeting.jpeg,High (0.97),"Explicit conditioning of cash handoff on holding young child in arms to engineer enhanced criminal charges (""charge with a child attached to it""), prison rape insinuation, and hunting threat."
MSG-000018,DATE_UNRESOLVED,12:55 PM,Recipient,Blake Harris (281-797-1396),I'm not meeting with you,SMS / Mobile Messaging,Money Meeting / Child Human Shield & Prison Intimidation,SS-0059; SS-0074,DET1.jpg; EX04_child_attached_prison_threat_money_meeting.jpeg,High (0.99),Refusal to participate in coercive meeting.
MSG-000019,DATE_UNRESOLVED,1:40 PM,Recipient,Blake Harris (281-797-1396),"You must think I'm crazy, ticket + crypto or [CROPPED]",SMS / Mobile Messaging,Money Meeting / Child Human Shield & Prison Intimidation,SS-0059; SS-0074,DET1.jpg; EX04_child_attached_prison_threat_money_meeting.jpeg,High (0.95),Refusal of in-person trap.
MSG-000020,DATE_UNRESOLVED,8:47 AM,Jayme Volstad,Blake Harris,Im not [CROPPED] ng that rude just that was [CROPPED] bad so its just like i dont kno [CROPPED] expect from me i guess since i had to suck it up with it in my face thats why im just like?? Idk,iMessage / Apple Messages,Child Google Drive Shaming & Intimidation,SS-0072; SS-0078; SS-0097,EX03_child_google_drive_private_photos_scroll_boobs_question.jpeg; EX12_2026_child_google_drive_private_photos_2ED63267.jpeg; JACKDRIVE.jpeg,High (0.95),Preceding exchange regarding emotional stress and imposed decisions.
MSG-000021,DATE_UNRESOLVED,8:47 AM,Blake Harris,Jayme Volstad,"Jesus Christ get over yourself dude that happened all right he's alsome [also met] your boyfriend's he's met Guys that a miniature home. He's been guys that have come out of your room all kinds of shit. He's told me all kinds of stuff he's found your sex toys. He's found bags of drugs. He seen all of your pictures on your Google Drive. He was literally scrolling through them. Why is mommy showing her boobs? Who did she send these to? I thought they were just for you daddy why does she have her fingers when she goes potty and that's not her name she's talking to OK, so how fucked up do you wanna get cause we can go down this rabbit hole if you want First to just not bring it up and he'll forget",iMessage / Apple Messages,Child Google Drive Shaming & Intimidation,SS-0072; SS-0078; SS-0097,EX03_child_google_drive_private_photos_scroll_boobs_question.jpeg; EX12_2026_child_google_drive_private_photos_2ED63267.jpeg; JACKDRIVE.jpeg,High (0.98),"Blake alleging the minor child scrolled through private photos in Jayme’s Google Drive, weaponizing explicit sexualized questions attributed to the child."
MSG-000022,DATE_UNRESOLVED,8:47 AM,Jayme Volstad,Blake Harris,What the fuck dude? You're telling me you don't do well with things that are decided for you and all I'm saying is I didn't have a choice for a long time and I had to deal with it so it's hard for me having you constantly take it out on me,iMessage / Apple Messages,Child Google Drive Shaming & Intimidation,SS-0072; SS-0078; SS-0097,EX03_child_google_drive_private_photos_scroll_boobs_question.jpeg; EX12_2026_child_google_drive_private_photos_2ED63267.jpeg; JACKDRIVE.jpeg,High (0.98),Pushback against abusive framing and projection.
MSG-000023,DATE_UNRESOLVED,8:47 AM,Blake Harris,Jayme Volstad,Because you were leaving Xanax [CROPPED],iMessage / Apple Messages,Child Google Drive Shaming & Intimidation,SS-0072; SS-0078; SS-0097,EX03_child_google_drive_private_photos_scroll_boobs_question.jpeg; EX12_2026_child_google_drive_private_photos_2ED63267.jpeg; JACKDRIVE.jpeg,High (0.99),Repetition of substance accusation.
MSG-000024,2026-05-18,9:38 PM,Blake Harris (2817971396),Jayme Volstad,I said find somewhere else because you couldn’t fucking pay your rent Are you that fucking are you kidding me,iMessage / Apple Messages,CPS Threat & Resource Revocation,SS-0073,EX04_2026-05-18_cps_unload_entire_folder.pdf,High (1.00),Demanding eviction / relocation.
MSG-000025,2026-05-18,9:39 PM,Jayme Volstad,Blake Harris,We don’t need to debate this anymore. It’s fucking over this is the problem you want to fucking hammer out every single detail it doesn’t fucking matter I fucked up. I got stupid shit so did you does no good to fucking throw to each other like this every fucking day blake,iMessage / Apple Messages,CPS Threat & Resource Revocation,SS-0073,EX04_2026-05-18_cps_unload_entire_folder.pdf,High (1.00),Attempt to establish boundary against repetitive argument loops.
MSG-000026,2026-05-18,9:39 PM,Blake Harris (2817971396),Jayme Volstad,I’m paying your rent I needed you to pay your rent. That’s why you needed to move so that I can move somebody in there and get fucked.,iMessage / Apple Messages,CPS Threat & Resource Revocation,SS-0073,EX04_2026-05-18_cps_unload_entire_folder.pdf,High (1.00),Housing condition leverage.
MSG-000027,2026-05-18,9:53 PM,Blake Harris (2817971396),Jayme Volstad,"I can go through all of your shit again and I can find one after another after another don’t think I still don’t have access because it’s all a lot... and I swear to God if you call CPS, I will unload the entire folder that I have for you making up some bullshit about not being able to get a hold of.",iMessage / Apple Messages,CPS Threat & Resource Revocation,SS-0073,EX04_2026-05-18_cps_unload_entire_folder.pdf,High (1.00),Admission of ongoing digital access to Jayme’s files/accounts and explicit threat to unload retaliatory exposure folder if Child Protective Services is contacted.
MSG-000028,2026-05-19,2:31 AM,Blake Harris (2817971396),Jayme Volstad,with that because I don’t trust that you’re not gonna file some fucking type of emergency protective order over some bullshit would produce immediately caused me go to the financial crimes unit and end everything I have to do test quit thinking you’re the smartest person in the room... the only thing I have well I don’t have them anymore. It’s just pictures of you and I’m so mad that they’re all gone everything... if I would’ve had a gun I would’ve fucking swallowed a bullet,iMessage / Apple Messages,CPS Threat & Resource Revocation,SS-0048,BLAKE2026_Page_1800.pdf,High (1.00),"Threat of preemptive retaliatory filing with financial crimes unit if an emergency protective order is sought, claim that pictures are ""all gone"", and suicidal leverage."
MSG-000029,2026-05-23,9:59 PM,Jayme Volstad,Blake Harris (2817971396),Have you happened to have called about the dryer? It's still not fixed at all but I'm aware of nothing is moved so they weren't here when I was gone or anything.,iMessage / Apple Messages,May 24 Rupture & Disclosure Campaign,SS-0070; SS-0050,EX02_2026-05-24_naked_google_photos_printout_parents_p1827.png; BLAKE2026_Page_1814.pdf,High (0.99),Routine inquiry regarding apartment maintenance.
MSG-000030,2026-05-23,11:00 PM,Blake Harris (2817971396),Jayme Volstad,I called yesterday emergency I'll call tmrw [CROPPED] apartment to wait for the maintenance people to get there,iMessage / Apple Messages,May 24 Rupture & Disclosure Campaign,SS-0070; SS-0050,EX02_2026-05-24_naked_google_photos_printout_parents_p1827.png; BLAKE2026_Page_1814.pdf,High (0.98),Maintenance coordination.
MSG-000031,2026-05-23,11:40 PM,Blake Harris (2817971396),Jayme Volstad,Also don't build the website I can for ur own portfolio but I can't have something u made represent the forefront of the company.,iMessage / Apple Messages,May 24 Rupture & Disclosure Campaign,SS-0070; SS-0050,EX02_2026-05-24_naked_google_photos_printout_parents_p1827.png; BLAKE2026_Page_1814.pdf,High (0.99),Abrupt repudiation of web development project.
MSG-000032,2026-05-24,2:31 AM,Blake Harris (2817971396),Jayme Volstad,Feb 2025 ur letting some guy fuck ur face whilenu fuck me wt the same time. Fuck you u sick cunt. You fucking ruined my life for nothing. I hope those fucking kidneys ears fucking stop working sooner than later. I won't be at the fucking funeral. I won't ever talk to you again. I'm blocking your number. You can email me when you want to see Jack he's not coming over to your house until I see the inside of it and look through everything. I don't trust you I found so much more shit. I'm coming to get my fucking MacBook yourself MacBook Air. On Swappa. You don't deserve anything that I've ever complier scandalist whore. You're tire Google. Photos is nothing but you taking fucking pictures in my fucking bathroom but fucking naked and sending them to other fucking guys. Who the fuck do you think you are,iMessage / Apple Messages,May 24 Rupture & Disclosure Campaign,SS-0070,EX02_2026-05-24_naked_google_photos_printout_parents_p1827.png,High (0.99),"Explosive escalation wishing recipient death, blocking phone number, imposing house search condition on child visitation, demanding MacBook, and referencing inspection of Google Photos."
MSG-000033,2026-05-24,2:31 AM,Blake Harris (2817971396),Jayme Volstad,"if you do so much just tell a single person or a single person. Any of these text messages. I'll be at HPD tomorrow. Fuck with me and see what happens talking all that shit. You made sick you make me throw up. I wasted a quarter of my life on the dumbest fucking bitch that I know Jayme I really hate you. I fucking hate you. Just die already. Save me some fucking more pain... If I have to drive to your parents, sell myself leave them print out of everything that you've done I will because they just seem to be a good little girl... and I'm taking the car back and I'm taking all the money for the rent...",iMessage / Apple Messages,May 24 Rupture & Disclosure Campaign,SS-0071,EX02_2026-05-24_naked_google_photos_printout_parents_p1828.png,High (0.99),"Threatening police report if messages are shared, commanding recipient to die, threatening to take physical printouts of private photos to her parents, and revoking car and rent."
MSG-000034,2026-05-24,8:08 AM,Jayme Volstad (jaymev02@gmail.com),Blake Harris (pluckaduck1984@gmail.com),"You are accusing me of being with someone else over a video that YOU took. If I was secretly screwing someone else, why the fuck would I bring them into your house when you had cameras everywhere and were at one of the most angry scary people at that time… It was your video. You took it. You were there. How the fuck do u look at a video you personally recorded on ur couch and decide someone else took it Where are ur living room camera footages? Go fucking look look at the meta data or the gid damn footage of ur house from that time this is exactly what I’ve been begging you to stop doing… Ive asked you a thousand times to stop sending me sexual things. U keep being cruel and humiliating because you cant believe that i ha… And use it to justify control over jack, telling me to die, humiliating me, and threatening me and then you take being beaten and sexually assaulted which there are actual fucking police reports for… Stop violating Lauren by sending me pictures of her stop fucking sending me videos that I’ve asked you not to send me in fact I wish you would fucking delete them. Do not ever talk to me about sex again. And I swear to God go fucking look at your goddamn video footage. That was your fucking video. Tell jack i love him, clearly youre never going to allow a relationship with him without doing this.",Gmail / Email,May 24 Rupture & Disclosure Campaign,SS-0067; SS-0096; SS-0068; SS-0077,everyrighttolookfamilycourtwatch.pdf; imgoingtosendyourentiregoogledrive.pdf; EX01_2026-05-24_google_photos_album_printed_texts.pdf; EX11_2026-05-24_right_to_look_family_court_watch_first.pdf,High (1.00),"Written response documenting surveillance cameras in home, refusal of sexual communications, demand to stop sending nonconsensual photos of third-party Lauren, and objection to child custody leverage."
MSG-000035,2026-05-24,1:28 PM,Blake Harris (pluckaduck1984@gmail.com),Jayme Volstad (jaymev02@gmail.com),"stop sending these messages to your mom the next one that I see you send her I’m going to send your entire Google Photos album printed every text message everything I already have it all done because if my parents have to know get to know so just leave me alone and you get to keep your car keep your apartment you gotta keep everything except my MacBook and you keep seeing Jack and all adjust the custody agreement. I need to know what needs to be changed... if you don’t give me a day and time in the next 48 hours then I’m just gonna show up... if you caused me problems, I will cause you problems so don’t cause me problems. I’m either coming today or I’m coming tomorrow. Pick a day pick a time and I want to see the inside of the house... and then there’s another website that somebody else is running with all of our videos and all of our pictures that were saved to the Gold Tooth computer, which is awesome...",Gmail / Authenticated Email PDF,May 24 Rupture & Disclosure Campaign,SS-0096; SS-0068; SS-0069,imgoingtosendyourentiregoogledrive.pdf; EX01_2026-05-24_google_photos_album_printed_texts.pdf; EX01_2026-05-24_google_photos_album_printed_texts_original_message.pdf,High (1.00),"Direct threat to distribute printed copies of recipient’s entire Google Photos album and all text messages to third parties; conditioning car, apartment, and child custody on compliance; threatening unannounced physical intrusion within 48 hours."
MSG-000036,2026-05-24,3:10 PM,Blake Harris (pluckaduck1984@gmail.com),Jayme Volstad (jaymev02@gmail.com),"Listen to me you rotten fucking scum dying from the inside out. I didn’t know because I couldn’t watch it and guess what none of it was saved at the same time. It’s a fucking blurry fucking picture fucking get over it... I swear to God, give me a time to come and pick up my computer. I don’t understand how you don’t get that I need that I will never talk or bring up anything to you ever again the second I get my fucking laptop. Other than to have you and Jack Meat [Meet]... I have every right to look through those pictures and say whatever I want and because without them, I’d probably be dead because of the campaign of lies deceit and hatefulness from you the only way that I could prove that you were a piece of shit was that you wanna try to take me to Family court? We guess what we’re gonna watch first cause I don’t have one you can bring up all the other stuff im like 2/3 months passing a hair follicle. The judge might be pissed want me to take classes? I’ll do whatever. I definitely won’t have to see him supervised... saw your motorcycle boy last night. You never knew that I’ve been on that guy for seven years crazy just can’t be trusted.",Gmail / Authenticated Email PDF,May 24 Rupture & Disclosure Campaign,SS-0067; SS-0077,everyrighttolookfamilycourtwatch.pdf; EX11_2026-05-24_right_to_look_family_court_watch_first.pdf,High (1.00),"Asserting an absolute ""right to look through those pictures"", threatening to play private/intimate media in Family Court custody proceedings (""guess what we’re gonna watch first""), and demonstrating surveillance knowledge of movements (""saw your motorcycle boy last night"")."
MSG-000037,2026-06-21,10:31 AM,Blake Harris (rudzmgmt@hotmail.com),Jayme Volstad (jaymev02@gmail.com),also owe me the rest of the website and there will be people contacting you and you will finish it or you can send me that money back too. You promised always that your communicate and you just stop immediately after you get what you want. I want It's sent back right now. It's not that complicated. You're not stealing more of my money.,Gmail / Email,June 21-25 Retaliatory Escalation & Tow Threats,SS-0003,41messegeaccusationsthreats.pdf,High (0.98),"Demanding immediate refund or completion of website work, alleging theft."
MSG-000038,2026-06-21,10:37 AM,Jayme Volstad (jaymev02@gmail.com),Blake Harris (rudzmgmt@hotmail.com),"You called me a bitch, accused me of things that never happened, and ignored me repeatedly telling you that Catalina was sitting next to me and that I could not have that conversation in front of her. I did not leave you hanging. I told you where I was, told you I was busy, and eventually fell asleep. You have repeatedly gone through my files and Drive and then used information you find there to create accusations that are not based on what actually happened. This has become a pattern whenever I do not respond the way you want me to you cant condition something you sent on being called named and having my privacy violated in a way you repeatedly say youll stop and dont you lie every time and immedietely do it and then threaten me. Part of those funds have already been used for tools and expenses related to completing your website, and I retrieved laptop so I can finish it If you no longer want the website completed, then we can discuss the status of the project and what work has already I am willing to discuss the project. I am not willing to continue having conversations where I am called names, accused of",Gmail / Email,June 21-25 Retaliatory Escalation & Tow Threats,SS-0003,41messegeaccusationsthreats.pdf,High (0.97),"Written protest against name-calling in presence of child, pattern of unauthorized searches of Drive files, and boundary enforcement."
MSG-000039,2026-06-21,10:46 AM,Blake Harris (rudzmgmt@hotmail.com),Jayme Volstad (jaymev02@gmail.com),"Yes, you did. You fucking left me fucking hanging it's exactly what you did right before I went to sleep just like you always do. I'm sick of your shit... so you're gonna finish what we paid for and you're gonna send me my money back or I'm gonna come get my car $250. Will get you your laptop. I want my other 250 back... but this is just gonna end bad for you either which way so you can either finish it keep your money... or you're gonna lose everything that you have it's up to you",Gmail / Email,June 21-25 Retaliatory Escalation & Tow Threats,SS-0003,41messegeaccusationsthreats.pdf,High (0.98),"Threatening to seize the car, demanding money, and stating ""you're gonna lose everything that you have it's up to you""."
MSG-000040,2026-06-21,10:49 AM,Jayme Volstad (jaymev02@gmail.com),Blake Harris (rudzmgmt@hotmail.com),ITOLDYOUIWASTALKINGTOCATALINEANDYOUPROCEEDEDTOTALKANDMAKEHERSITTHERESHE GODDAMNFATHERSDAYWITHOUTAFATHERBUTYOUTHINKYOUREMOTEIMPORTANTTHANMYCHILDAND IDONTTHREWATENYOUYOUCONSTANTLYTHREATENMEJESUSCHRIST,Gmail / Email,June 21-25 Retaliatory Escalation & Tow Threats,SS-0003,41messegeaccusationsthreats.pdf,High (0.98),Protesting contact and verbal abuse during Father’s Day in front of child.
MSG-000041,2026-06-21,10:49 AM,Blake Harris (rudzmgmt@hotmail.com),Jayme Volstad (jaymev02@gmail.com),"Fortunately, for you, I can't come up there until Friday so you've got until Friday, but if they're not significant improvements by tomorrow or Tuesday whenever they're given to you I will send Jessy and Hill [he'll] just tow the car",Gmail / Email,June 21-25 Retaliatory Escalation & Tow Threats,SS-0003,41messegeaccusationsthreats.pdf,High (0.98),Explicit threat to dispatch third party (Jessy) to tow the car if software demands are not met by Friday.
MSG-000042,2026-06-21,10:50 AM,Blake Harris (rudzmgmt@hotmail.com),Jayme Volstad (jaymev02@gmail.com),these are no longer threats. These are reality. And I can threaten taking my money and not send me my money back you don't send me that 250 back you're gonna lose everything by the end of the week,Gmail / Email,June 21-25 Retaliatory Escalation & Tow Threats,SS-0003,41messegeaccusationsthreats.pdf,High (0.99),"Confirming intent: ""these are no longer threats. These are reality. ... you're gonna lose everything by the end of the week""."
MSG-000043,2026-06-21,10:53 AM,Blake Harris (rudzmgmt@hotmail.com),Jayme Volstad (jaymev02@gmail.com),communicate with me again you can speak with Gigi in regards to Jack or if you really want to you can email with the words Jack time and place better be the only thing we talk about.,Gmail / Email,June 21-25 Retaliatory Escalation & Tow Threats,SS-0003,41messegeaccusationsthreats.pdf,High (0.98),Imposing communication restrictions via third party (Gigi).
MSG-000044,2026-06-21,10:55 AM,Blake Harris (rudzmgmt@hotmail.com),Jayme Volstad (jaymev02@gmail.com),"OK, I guess you're not taking me seriously sorry you think it's gonna be hard to find a job now just wait all the Toto [tow truck] drivers work together so they can find any car simply send me my $250 right now or you're accepting the loss of your apartment and your car because it's my apartment that you're living in and it's my car that you're driving",Gmail / Email,June 21-25 Retaliatory Escalation & Tow Threats,SS-0003,41messegeaccusationsthreats.pdf,High (0.98),"Stating that tow truck network will locate the vehicle anywhere, and conditioning both housing and car on immediate money payment."
MSG-000045,2026-06-21,11:49 AM,Blake Harris (rudzmgmt@hotmail.com),Jayme Volstad (jaymev02@gmail.com),"If you never created them, then there wouldn't be pictures of them in Google Drive with my name on them",Gmail / Email,June 21-25 Retaliatory Escalation & Tow Threats,SS-0003,41messegeaccusationsthreats.pdf,High (0.98),Direct admission of unauthorized search and inspection of Jayme’s private Google Drive storage.
MSG-000046,2026-06-21,1:54 PM,Blake Harris (rudzmgmt@hotmail.com),Jayme Volstad (jaymev02@gmail.com),I use the wrong card so rent didn't go through. Looks like you'll have to take care of it after all.,Gmail / Email,June 21-25 Retaliatory Escalation & Tow Threats,SS-0101,Oops_towthreats.pdf,High (0.99),"Sudden cancellation/sabotage of agreed rent payment under pretext of using ""the wrong card""."
MSG-000047,2026-06-21,3:20 PM,Jayme Volstad (jaymev02@gmail.com),Blake Harris (rudzmgmt@hotmail.com),"You know I do not currently have the ability to cover that amount on short notice. If the rent was not paid, please let me know immediately so I can determine what arrangements need to be made. I would appreciate direct communication about housing matters rather than having them used as leverage during unrelated disputes.",Gmail / Email,June 21-25 Retaliatory Escalation & Tow Threats,SS-0101,Oops_towthreats.pdf,High (0.98),Requesting direct communication on shelter and objecting to housing being used as leverage in personal conflict.
MSG-000048,2026-06-21,4:05 PM,Blake Harris (rudzmgmt@hotmail.com),Jayme Volstad (jaymev02@gmail.com),And it's not leverage it's just that I'm not paying shit anymore not after the way I'm treated like just scum. You could care less about anything that I do so I could care less what happens to you,Gmail / Email,June 21-25 Retaliatory Escalation & Tow Threats,SS-0101,Oops_towthreats.pdf,High (0.99),Retaliatory termination of promised financial shelter support.
MSG-000049,2026-06-21,9:46 PM,Blake Harris (rudzmgmt@hotmail.com),Jayme Volstad (jaymev02@gmail.com),Glad u can convince urself of that. Purposefully stopped talking and left me hanging with bs. It's okay. Small claims court tommorow. For not completing the website. Also if u put any modifications. On that car. It's against the lease. U don't realize how rude snd how u continue to just steal money. U don't use it on what you say. Your a f lie. FYI there is no insurance on the car. None,Gmail / Email,June 21-25 Retaliatory Escalation & Tow Threats,SS-0101,Oops_towthreats.pdf,High (0.98),Threatening small claims court and disclosing unilateral cancellation of automobile insurance on the vehicle operated by Jayme.
MSG-000050,2026-06-21,9:48 PM,Blake Harris (rudzmgmt@hotmail.com),Jayme Volstad (jaymev02@gmail.com),As well I need a copy of full coverage. If u refuse I'll have to get it towed,Gmail / Email,June 21-25 Retaliatory Escalation & Tow Threats,SS-0101,Oops_towthreats.pdf,High (0.97),"Creating catch-22: cancels insurance, then immediately threatens towing for lack of insurance."
MSG-000051,2026-06-24,10:36 PM,Blake Harris (rudzmgmt@hotmail.com),Jayme Volstad (jaymev02@gmail.com),Third notification I need evidence of full coverage car insurance with state Preferred liabilities and you're not allowed to drive the car until I see that because that was my car. I'm the one who paid for it just like when you buy a car from your place and You haven't bought it yet so you can't just do it as you wish. I'm only gonna ask one or two times and then I'm just gonna send a tow truck. It's all standard procedure. I've looked everything up called the police cause you're nowhere in your Payment thing Off I don't think you've even made a payment. All you've done is pay me back the money that I've given you. What's the more money on top? Thatll be a fun discussion sometime. Hope you're doing OK. Congrats on getting a job.,Gmail / Email,June 21-25 Retaliatory Escalation & Tow Threats,SS-0003,41messegeaccusationsthreats.pdf,High (0.98),"Imposing driving prohibition, repeating tow truck deployment threats, claiming police consultation, and attempting to rewrite prior purchase payments as personal repayments."
MSG-000052,2026-06-25,1:47 AM,Jayme Volstad (jaymev02@gmail.com),Blake Harris (rudzmgmt@hotmail.com),replacement coverage as quickly as I can. I also dispute your characterization of the payments. Our agreement and our text messages reflect what those payments alleged debt simply because we now have a dispute. I do not consent to any attempt to take the vehicle outside the [proper legal process],Gmail / Email,June 21-25 Retaliatory Escalation & Tow Threats,SS-0003,41messegeaccusationsthreats.pdf,High (0.98),Disputing payment reclassification and withholding consent to extrajudicial vehicle repossession.
MSG-000053,2026-06-30,6:07 PM,Jayme Volstad (jaymev02@gmail.com),Blake Harris (rudzmgmt@hotmail.com),"Regarding the vehicle, no bill of sale was ever signed or executed between us. I do not recognize or agree to any later-created document stating that the vehicle purchase price was $8,000. The agreed vehicle price was $6,500... The payments and credits designated for the vehicle were made and accepted as vehicle payments. I do not consent to any retroactive reclassification of those payments or credits as entries, or other expenses... Total vehicle payments and credits: $6,180. Remaining balance based on the agreed $6,500 price: $320. A copy of the accounting is attached... When I am able to pay the remaining documented vehicle balance, I will notify you in writing so that the payment and the properly signed title-transfer documents can be exchanged at the same time... Regarding the apartment, please provide a copy of the 60-day notice you stated was submitted... I will not provide my card number to you or allow remote access to my computer, phone, devices, accounts, or financial information. Please tell Jack that his mommy loves him very much.",Gmail / Email,June 30 Vehicle Title Accounting & Move-Out Dispute,SS-0098,LeaaseNonanswertoCarAccountRequest.pdf,High (0.99),"Formal itemized accounting establishing $6,180 paid on $6,500 agreed price ($320 remaining), demanding simultaneous title exchange, refusing device/card access, and requesting lease move-out notice."
MSG-000054,2026-06-30,7:53 PM,Blake Harris (rudzmgmt@hotmail.com),Jayme Volstad (jaymev02@gmail.com),"Okay. Well if that was true maybe. But it's not so I'm just notyfying you. Because it's the only thing that protects my asset and we did have a sign agreement. I have the same agreement so I thought that you threw away or lost it like you lose everything but if you could come dumb enough to give me a car after you stole her $50,ooo which will get to that soon before the end of the year glad u believe what's not real. There's no other way to pay rent so I don't know what you want. I'm not gonna argue nonsense. Good luck",Gmail / Email,June 30 Vehicle Title Accounting & Move-Out Dispute,SS-0098,LeaaseNonanswertoCarAccountRequest.pdf,High (0.98),"Refusal to honor accounting, claiming an unproduced written agreement, reiterating $50k theft allegation, and refusing alternative rent payment methods."
MSG-000055,2026-06-30,8:14 PM,Jayme Volstad (jaymev02@gmail.com),Marida Volstad (gvolstad@icloud.com),[Forwarded entire vehicle accounting and Blake Harris response thread for preservation],Gmail / Email,June 30 Vehicle Title Accounting & Move-Out Dispute,SS-0098,LeaaseNonanswertoCarAccountRequest.pdf,High (1.00),Preservation forward to family member.
MSG-000056,2026-07-21,10:04 PM,Blake Harris (rudzmgmt@hotmail.com),Jayme Volstad (jaymev02@gmail.com),119! dollars. 3 dollars. Is there not the kind of charges that I make this is the same kind of stuff that happened last time? Why is my card being charged?,Gmail / Email,July 21-22 Card Allegations & Harassment Documentation,SS-0102,requesttocease_unrelated accusations.pdf,High (0.98),Accusing Jayme of unauthorized charges on Mastercard.
MSG-000057,2026-07-21,10:10 PM,Blake Harris (rudzmgmt@hotmail.com),Jayme Volstad (jaymev02@gmail.com),Mastercard 1944. Charges for McDonald's in Elgin tons of apple charges none of them are mine what's going on?,Gmail / Email,July 21-22 Card Allegations & Harassment Documentation,SS-0102,requesttocease_unrelated accusations.pdf,High (0.99),Specifying charges in Elgin and Apple transactions.
MSG-000058,2026-07-21,10:12 PM,Blake Harris (rudzmgmt@hotmail.com),Jayme Volstad (jaymev02@gmail.com),No June 8 no June 11. Again. Ur stealing my money. Ik through with this. I told u what was gonna happen. We're gonna let the cops figure this out this time. Because there's 1 million little small charges just like all the ones you did on Bank of America and there's a brand $119 charge. None of those are mine. None of them are mine and it's been going on and on and on while I've been paying all this shit.,Gmail / Email,July 21-22 Card Allegations & Harassment Documentation,SS-0102,requesttocease_unrelated accusations.pdf,High (0.99),Threatening police investigation over alleged card theft.
MSG-000059,2026-07-22,12:28 AM,Jayme Volstad (jaymev02@gmail.com),Blake Harris (rudzmgmt@hotmail.com),"Regarding Bluevine, the account I have shows no activity other than two small verification transactions connected to my own bank account. I have not used that account for purchases, transfers, or any activity involving your money. The account has never had any other transactions. I do not have an iPhone, and I do not have any card belonging to you connected to an Apple account. After you disputed charges that were made during a period when I had permission to use the card, my Apple account was restricted from making App Store purchases. I therefore cannot even use my own card with Apple, much less yours... Please stop presenting unsupported accusations as established facts and then claiming that you are not threatening me. [Documenting harassment]: Your communications and contact this month have included approximately 20 emails from three known email addresses, missed WhatsApp calls from two phone numbers, demands that I sign and notarize a supposed plea agreement, repeated threats involving the car, disputed transactions, threats to involve law enforcement, unsolicited contacts to third parties, threats to obtain information through multiple business and personal accounts, and contact through business social-media accounts... I am not abandoning my son. I want to speak with him and maintain regular contact with him. However, calls with Jack should remain focused on him and should not be used as an opportunity for your accusations, pressure, interruptions, or unrelated conflict.",Gmail / Email,July 21-22 Card Allegations & Harassment Documentation,SS-0102,requesttocease_unrelated accusations.pdf,High (0.99),"Comprehensive factual rebuttal: Apple restriction prevents card usage; comprehensive audit of 20 emails from 3 addresses, missed WhatsApp calls, demand for fake plea agreement, vehicle threats; request to isolate child calls from conflict."
MSG-000060,2026-07-22,2:12 AM,Blake Harris (rudzmgmt@hotmail.com),Jayme Volstad (jaymev02@gmail.com),"Dude your hilarious. You lie like it's just natural. I can live humans a line of em a mile long to testify how rude and evil you have acted and the things you have done to me. You cant get anyone because there all criminals... Again, your chat gpt mental mind f stuff isn't gonna work anymore and gemini will scan and put any AI emails in the trash. So if you can't start using yuour own words I wont be seeing your emails... Good bye. Ive used to many email address., like gold tooth tonhys where you had all the backup codes and marked off one by one as you used them to contact my old business partner and illegaly use my emails and onedrive to help him try and screw me over. Good luck. bye",Gmail / Email,July 21-22 Card Allegations & Harassment Documentation,SS-0102,requesttocease_unrelated accusations.pdf,High (0.98),"Dismissing documented evidence as ""AI"", threatening automated deletion of incoming emails via AI filter, and reiterating business partner accusations."
MSG-000061,2026-07-22,2:13 AM,Blake Harris (rudzmgmt@hotmail.com),Jayme Volstad (jaymev02@gmail.com),"Moving forward all your emails will be forwarded to gigi., only things about jack will she discuss with me.",Gmail / Email,July 21-22 Card Allegations & Harassment Documentation,SS-0102,requesttocease_unrelated accusations.pdf,High (1.00),Third-party gatekeeping imposition.
MSG-000062,2026-07-30,9:54 PM,Google System Alert,Jayme Volstad (jaymev02@gmail.com),"Critical security alert: Suspicious activity in your account. Someone tried to change your password. New sign-in on Mac OS. Location: Texas, USA.",Google Account Security Alert,Account Compromise & Exfiltration Campaign,SS-0105; SS-0107,security.png; securitytwo.png,High (0.99),Unauthorized password reset attempt and login detected on Mac OS from Texas.
MSG-000063,2026-07-30,10:11 PM,Google System Alert,Jayme Volstad (jaymev02@gmail.com),"Critical security alert: Suspicious activity in your account. Someone tried to change your password. Location: Texas, USA.",Google Account Security Alert,Account Compromise & Exfiltration Campaign,SS-0107,securitytwo.png,High (0.98),Second unauthorized password change attempt.
MSG-000064,2026-07-30,10:12 PM,Google System Log (Unauthorized Device),Google Account Activity Log,Searched for google drive. 10:12 PM. Details.,Google My Activity,Account Compromise & Exfiltration Campaign,SS-0005,actactivityuna.png,High (0.97),Intruder searching for Google Drive files within compromised session.
MSG-000065,2026-07-30,10:19 PM,Google System Log (Unauthorized Device),Google Account Activity Log,Used Maps. 3750 E Palm Valley Blvd. 10:19 PM. Details.,Google My Activity,Account Compromise & Exfiltration Campaign,SS-0004; SS-0005,act.png; actactivityuna.png,High (0.98),"Intruder executing map searches for 3750 E Palm Valley Blvd in Round Rock, TX."
MSG-000066,2026-07-30,10:33 PM,Google System Alert / Takeout Service,Jayme Volstad (jaymev02@gmail.com),"Archive of Google data requested. 3 products: Maps, Maps (your places), Timeline. Created July 30, 10:33 PM. URL: https://takeout.google.com/u/5/manage/archive/b1e08d32-6e83-4843-a74e-905bfaba68f8",Google Takeout / Account Archive,Account Compromise & Exfiltration Campaign,SS-0106; SS-0107,security3.png; securitytwo.png,High (0.98),"Direct attempt to export and exfiltrate Jayme’s complete historical location data, saved places, and movement timeline."
MSG-000067,2026-07-30,10:37 PM,Google System Log (Manage Devices),Google Account Device List,"Mac OS. Houston, TX, USA. First sign-in: Jul 30, 10:37 PM. Browser: Google Chrome.",Google Account Manage Devices,Account Compromise & Exfiltration Campaign,SS-0060,DeviceAccessGoogle.png,High (0.99),"Active unauthorized session recorded on Mac OS in Houston, TX using Chrome."
MSG-000068,2026-07-31,12:15 AM,Jayme Volstad (jaymev02@gmail.com),Blake Harris (pluckaduck1984@gmail.com),"You are not authorized to access, reset, recover, export, or change information on any of my accounts. I am receiving repeated security alerts for Mac sign-ins from Houston and data-export requests I did not authorize. Stop immediately. I am preserving these alerts. Do not contact me except in writing about necessary matters involving Jack.",Gmail / Email,Account Compromise & Exfiltration Campaign,SS-0100; SS-0099; SS-0103,NotificationofNotAuthorizedandResponse.png; Notauthorized.pdf; ResponsetoNotAuthorized.pdf,High (0.98),"Formal written revocation of authorization, direct cease-and-desist command on account intrusion, notice of evidence preservation, and strict boundary imposition limiting contact exclusively to written communication concerning Jack."
MSG-000069,2026-07-31,5:00 AM,Blake Harris (pluckaduck1984@gmail.com),Jayme Volstad (jaymev02@gmail.com),"Yes mam. Now the bigger question is. Are you lying like you always do. Or are you telling the truth. Because you lie so much you don't know what's really going on in the world. how many people do you piss off online a day? Now. Your not authorized to login to toast to any of my email accounts anything. Your not allowed to talk to my ex business partner and try to fuck me out of a business nor steal tens of thousands of dollars which will get to the bottom of at some point. Problem is I care to much but you'll remind me when you reply that I shouldn't. it's been almost 2 months and you haven't even tried to talk to your son or see him. Lie cheat and steal. That's it. The only three well there is another but we wont talk about that. Those are the only 3 things your good at. Especially when it comes to me. Karma is a bitch though. And I wouold never do anything to harm, to hold hostage, to hold in contempt or stop from doing anything. But I will begin following in your footsteps one day. No one wants to see your pictures of meth pipes at your apt and meth in bags and half the city that well good night. So pleasent to take a piss and see you contact me. what sucks is I can't be the low life that you have become and make up disgusting accusations you should be ashamed of yourself. If there is a god, your screwed after that last one. Because I actually care. That's why I haven't done a single damn bit of retribution and never will. Cuase ive already won. Sweet dreams. Regards, Blake Harris Gold Tooth Tony's Detroit Pizza / Rudyard's Pub / 6s & 7s Pool Hall / The Riot Comedy Club Owner / General Manager 2010 Waugh Drive 281.797.1396",Gmail / Email,Account Compromise & Exfiltration Campaign,SS-0100; SS-0099; SS-0103,NotificationofNotAuthorizedandResponse.png; Notauthorized.pdf; ResponsetoNotAuthorized.pdf,High (0.99),"Direct response 4 hours and 45 minutes after written revocation: mocking acknowledgment (""Yes mam""), deflecting intrusion onto third parties, retaliatory counter-revocation, falsely alleging child abandonment, explicit reference to possessing private photos (""No one wants to see your pictures of meth pipes...""), and declaring ""Cuase ive already won. Sweet dreams."""
MSG-000070,2026-07-11,TIME_UNRESOLVED,Blake Harris,Jayme Volstad,Missed WhatsApp Call from Blake (7/11/2026). Prior missed call from +1 (832) 4... (7/10/2026).,WhatsApp Call Log,Alternate Channel Intrusion (July 2026),SS-0104,Screenshot 2026-08-01 124617.png,High (0.98),Corroboration of Jayme’s documentation that Blake repeatedly called via alternate phone channels/WhatsApp despite written contact restrictions.
